sample_id,label,species,score
pg000480,1,live,0.103275664
pg000481,1,live,0.97030807
pg000482,1,live,0.0011278812
pg000483,0,print_matte,0.0096397735
pg000484,0,print_glossy,0.0016373785
pg000485,0,replay_phone,0.3592559
pg000486,0,replay_monitor,0.10810079
pg000487,0,cutout_mask,0.010388354
pg000488,1,live,0.17157409
pg000489,1,live,0.72076166
pg000490,1,live,0.9042473
pg000491,0,print_matte,0.0029166804
pg000492,0,print_glossy,0.00079814944
pg000493,0,replay_phone,1.4747691e-06
pg000494,0,replay_monitor,0.00037155012
pg000495,0,cutout_mask,0.006088801
pg000496,1,live,0.67048985
pg000497,1,live,0.82458776
pg000498,1,live,0.843223
pg000499,0,print_matte,0.04177351
pg000500,0,print_glossy,0.016134098
pg000501,0,replay_phone,0.00796522
pg000502,0,replay_monitor,0.003854591
pg000503,0,cutout_mask,0.030723786
pg000504,1,live,0.9491872
pg000505,1,live,0.6449347
pg000506,1,live,0.60613906
pg000507,0,print_matte,0.04008466
pg000508,0,print_glossy,0.011020226
pg000509,0,replay_phone,0.007191881
pg000510,0,replay_monitor,0.0062800655
pg000511,0,cutout_mask,0.0014721517
pg000512,1,live,0.99666363
pg000513,1,live,0.0808186
pg000514,1,live,0.842077
pg000515,0,print_matte,0.023041042
pg000516,0,print_glossy,0.057298716
pg000517,0,replay_phone,0.008868504
pg000518,0,replay_monitor,0.00020182498
pg000519,0,cutout_mask,0.0015076387
pg000520,1,live,0.99957496
pg000521,1,live,0.9644301
pg000522,1,live,0.22110249
pg000523,0,print_matte,0.03680358
pg000524,0,print_glossy,0.012606322
pg000525,0,replay_phone,0.12088595
pg000526,0,replay_monitor,9.009489e-05
pg000527,0,cutout_mask,2.9954474e-05
pg000528,1,live,0.7241012
pg000529,1,live,0.62910753
pg000530,1,live,0.8960722
pg000531,0,print_matte,0.050595194
pg000532,0,print_glossy,0.038474508
pg000533,0,replay_phone,0.0023536829
pg000534,0,replay_monitor,0.00079761416
pg000535,0,cutout_mask,0.27777025
pg000536,1,live,0.9609944
pg000537,1,live,0.0030677305
pg000538,1,live,0.99860686
pg000539,0,print_matte,0.001076554
pg000540,0,print_glossy,0.12369552
pg000541,0,replay_phone,0.018690463
pg000542,0,replay_monitor,0.031023491
pg000543,0,cutout_mask,0.00010016396
pg000544,1,live,0.07361323
pg000545,1,live,0.6937052
pg000546,1,live,0.82451385
pg000548,0,print_glossy,0.002630519
pg000549,0,replay_phone,0.005988073
pg000550,0,replay_monitor,1.2235051e-05
pg000551,0,cutout_mask,2.8031227e-05
pg000552,1,live,0.6209428
pg000553,1,live,0.9992274
pg000554,1,live,0.99499726
pg000555,0,print_matte,0.0003263306
pg000556,0,print_glossy,0.0004884718
pg000557,0,replay_phone,0.026871538
pg000559,0,cutout_mask,0.000119806085
pg000560,1,live,0.99365145
pg000561,1,live,0.98803294
pg000562,1,live,0.9998128
pg000563,0,print_matte,0.17589568
pg000564,0,print_glossy,0.23422599
pg000565,0,replay_phone,0.06530867
pg000566,0,replay_monitor,0.016810235
pg000567,0,cutout_mask,7.895841e-05
pg000568,1,live,0.9020099
pg000569,1,live,0.9197924
pg000570,1,live,0.657865
pg000571,0,print_matte,0.9638905
pg000572,0,print_glossy,0.06761403
pg000573,0,replay_phone,0.002221863
pg000574,0,replay_monitor,8.754816e-10
pg000575,0,cutout_mask,0.0052197194
pg000576,1,live,0.9953616
pg000577,1,live,0.99990153
pg000578,1,live,0.98567283
pg000579,0,print_matte,0.017405797
pg000580,0,print_glossy,0.006507885
pg000581,0,replay_phone,0.099757865
pg000582,0,replay_monitor,0.48565838
pg000583,0,cutout_mask,0.0016056601
pg000584,1,live,0.5722199
pg000585,1,live,0.8757267
pg000586,1,live,0.99644357
pg000587,0,print_matte,0.010869678
pg000588,0,print_glossy,0.17869428
pg000589,0,replay_phone,0.0008174096
pg000590,0,replay_monitor,9.058016e-10
pg000591,0,cutout_mask,0.9773307
pg000592,1,live,0.81643295
pg000593,1,live,0.984452
pg000594,1,live,0.2966668
pg000595,0,print_matte,0.34859848
pg000596,0,print_glossy,0.4233902
pg000597,0,replay_phone,0.027977115
pg000598,0,replay_monitor,0.57474923
pg000599,0,cutout_mask,0.0004710747
pg000720,1,live,0.26493233
pg000721,1,live,0.9890454
pg000722,1,live,0.963655
pg000723,0,print_matte,0.118916556
pg000724,0,print_glossy,0.00017606122
pg000725,0,replay_phone,0.0080533475
pg000726,0,replay_monitor,0.60084695
pg000727,0,cutout_mask,0.0013416845
pg000728,1,live,0.94084966
pg000729,1,live,0.99516547
pg000730,1,live,0.9995466
pg000731,0,print_matte,0.12620124
pg000732,0,print_glossy,0.0081866095
pg000733,0,replay_phone,0.17590086
pg000734,0,replay_monitor,0.44387585
pg000735,0,cutout_mask,0.014653723
pg000736,1,live,0.9287881
pg000737,1,live,0.7316225
pg000738,1,live,0.93987656
pg000739,0,print_matte,0.15830259
pg000740,0,print_glossy,0.0008238017
pg000741,0,replay_phone,0.9964929
pg000742,0,replay_monitor,9.708892e-05
pg000743,0,cutout_mask,5.2062746e-06
pg000744,1,live,0.9076132
pg000745,1,live,0.96010697
pg000746,1,live,0.9845733
pg000747,0,print_matte,0.09238766
pg000748,0,print_glossy,0.51477885
pg000749,0,replay_phone,0.22511092
pg000750,0,replay_monitor,0.17365757
pg000751,0,cutout_mask,0.05653164
pg000752,1,live,0.9761121
pg000753,1,live,0.95470834
pg000754,1,live,0.9998765
pg000755,0,print_matte,0.025889188
pg000756,0,print_glossy,0.03331917
pg000757,0,replay_phone,0.09916174
pg000758,0,replay_monitor,0.9832493
pg000759,0,cutout_mask,0.00013332679
pg000760,1,live,0.9942373
pg000761,1,live,0.97367114
pg000762,1,live,0.9586295
pg000763,0,print_matte,0.013078513
pg000764,0,print_glossy,0.0047547575
pg000765,0,replay_phone,0.8705887
pg000766,0,replay_monitor,0.0005916788
pg000767,0,cutout_mask,0.002968147
pg000768,1,live,0.7734797
pg000769,1,live,0.9747303
pg000770,1,live,0.9988783
pg000771,0,print_matte,0.043284394
pg000772,0,print_glossy,0.40258145
pg000773,0,replay_phone,0.0004262123
pg000774,0,replay_monitor,9.043583e-05
pg000775,0,cutout_mask,0.061264772
pg000776,1,live,0.99782157
pg000777,1,live,0.9879397
pg000778,1,live,0.9993057
pg000779,0,print_matte,0.1004276
pg000780,0,print_glossy,0.5467645
pg000781,0,replay_phone,0.59012914
pg000782,0,replay_monitor,0.022176048
pg000783,0,cutout_mask,0.057868727
pg000784,1,live,0.7544418
pg000785,1,live,0.93207604
pg000786,1,live,0.99984646
pg000787,0,print_matte,0.0038002476
pg000788,0,print_glossy,0.19424784
pg000789,0,replay_phone,0.013538306
pg000790,0,replay_monitor,0.0003173953
pg000791,0,cutout_mask,0.0020720668
pg000792,1,live,0.9999418
pg000793,1,live,0.99336654
pg000794,1,live,0.93657166
pg000795,0,print_matte,0.011636042
pg000796,0,print_glossy,0.007435605
pg000797,0,replay_phone,0.01602441
pg000798,0,replay_monitor,0.85540545
pg000799,0,cutout_mask,0.000501154
pg000800,1,live,0.9363203
pg000801,1,live,0.99763465
pg000802,1,live,0.9416006
pg000803,0,print_matte,0.023152187
pg000804,0,print_glossy,0.17659844
pg000805,0,replay_phone,0.5434595
pg000806,0,replay_monitor,0.46658975
pg000807,0,cutout_mask,0.17691447
pg000808,1,live,0.99426126
pg000809,1,live,0.76839834
pg000810,1,live,0.96821994
pg000811,0,print_matte,0.005738552
pg000812,0,print_glossy,0.5529504
pg000813,0,replay_phone,0.032731544
pg000814,0,replay_monitor,3.1254237e-12
pg000815,0,cutout_mask,0.07784019
pg000816,1,live,0.9801012
pg000817,1,live,0.99807525
pg000818,1,live,0.98105836
pg000819,0,print_matte,0.02658856
pg000820,0,print_glossy,0.4231389
pg000821,0,replay_phone,0.9480295
pg000822,0,replay_monitor,0.00012449372
pg000823,0,cutout_mask,0.028736036
pg000824,1,live,0.9994691
pg000825,1,live,0.88866645
pg000826,1,live,0.9462586
pg000827,0,print_matte,0.008891772
pg000828,0,print_glossy,0.008662405
pg000829,0,replay_phone,0.98021096
pg000830,0,replay_monitor,0.030431047
pg000831,0,cutout_mask,0.0029870989
pg000832,1,live,0.7372657
pg000833,1,live,0.60665506
pg000834,1,live,0.9280931
pg000835,0,print_matte,0.71810925
pg000836,0,print_glossy,0.58889586
pg000837,0,replay_phone,0.8259893
pg000838,0,replay_monitor,0.5699885
pg000839,0,cutout_mask,0.019671127
pg002760,1,live,0.0004007893
pg002761,1,live,0.89590967
pg002762,1,live,0.26115322
pg002763,0,print_matte,0.06491142
pg002764,0,print_glossy,0.25516728
pg002765,0,replay_phone,0.0019007735
pg002766,0,replay_monitor,0.005158047
pg002767,0,cutout_mask,0.033889282
pg002768,1,live,0.9847696
pg002769,1,live,0.7586337
pg002770,1,live,0.94721776
pg002771,0,print_matte,0.7215574
pg002772,0,print_glossy,0.04810294
pg002773,0,replay_phone,0.49717334
pg002775,0,cutout_mask,0.004014762
pg002776,1,live,0.9816529
pg002777,1,live,0.8404316
pg002778,1,live,0.940522
pg002779,0,print_matte,0.005344016
pg002780,0,print_glossy,0.1300587
pg002781,0,replay_phone,0.13977914
pg002782,0,replay_monitor,2.6907763e-08
pg002783,0,cutout_mask,0.3145503
pg002784,1,live,0.25293505
pg002785,1,live,0.88493794
pg002786,1,live,0.99816823
pg002787,0,print_matte,0.004167463
pg002788,0,print_glossy,0.01935962
pg002789,0,replay_phone,0.014524171
pg002790,0,replay_monitor,0.009887742
pg002791,0,cutout_mask,0.029297827
pg002792,1,live,0.07659767
pg002793,1,live,0.93760234
pg002794,1,live,0.38800585
pg002795,0,print_matte,0.0024993322
pg002796,0,print_glossy,0.030404203
pg002797,0,replay_phone,8.687444e-05
pg002799,0,cutout_mask,0.8846201
pg002800,1,live,0.6445612
pg002801,1,live,0.9944354
pg002802,1,live,0.17368716
pg002803,0,print_matte,0.0016037883
pg002804,0,print_glossy,0.025494026
pg002805,0,replay_phone,0.40299442
pg002806,0,replay_monitor,0.008645093
pg002807,0,cutout_mask,0.0064753415
pg002808,1,live,0.79475224
pg002809,1,live,0.97451866
pg002810,1,live,0.884255
pg002811,0,print_matte,0.42445835
pg002812,0,print_glossy,0.20513383
pg002813,0,replay_phone,0.0786865
pg002815,0,cutout_mask,0.0038597595
pg002816,1,live,0.6191749
pg002817,1,live,0.84103316
pg002818,1,live,0.32013002
pg002819,0,print_matte,0.0005331483
pg002820,0,print_glossy,0.0011908307
pg002821,0,replay_phone,0.002465478
pg002822,0,replay_monitor,0.009278922
pg002823,0,cutout_mask,1.4793154e-05
pg002824,1,live,0.006853745
pg002825,1,live,0.09759006
pg002826,1,live,0.6438064
pg002827,0,print_matte,0.00036575002
pg002828,0,print_glossy,0.4490957
pg002829,0,replay_phone,0.037410147
pg002830,0,replay_monitor,0.009734477
pg002831,0,cutout_mask,0.26991704
pg002832,1,live,0.99732095
pg002833,1,live,0.98492634
pg002834,1,live,0.8010694
pg002835,0,print_matte,0.02855926
pg002836,0,print_glossy,0.066874504
pg002837,0,replay_phone,0.00052229577
pg002838,0,replay_monitor,0.06821876
pg002839,0,cutout_mask,0.3435507
pg002840,1,live,0.5127465
pg002841,1,live,0.84751683
pg002842,1,live,0.1677173
pg002843,0,print_matte,0.23679693
pg002844,0,print_glossy,0.019827632
pg002845,0,replay_phone,0.035053812
pg002846,0,replay_monitor,0.026248444
pg002847,0,cutout_mask,0.8958495
pg002848,1,live,0.7351164
pg002849,1,live,0.98949
pg002850,1,live,0.9786404
pg002851,0,print_matte,0.14920714
pg002852,0,print_glossy,0.708776
pg002853,0,replay_phone,0.22868419
pg002854,0,replay_monitor,0.12688461
pg002855,0,cutout_mask,0.0034410213
pg002856,1,live,0.59433556
pg002857,1,live,0.20558883
pg002858,1,live,0.84984016
pg002859,0,print_matte,7.406988e-05
pg002860,0,print_glossy,0.005544903
pg002861,0,replay_phone,0.0052780835
pg002862,0,replay_monitor,0.002962609
pg002863,0,cutout_mask,0.0029002177
pg002864,1,live,0.9068728
pg002865,1,live,0.97445935
pg002866,1,live,0.9723689
pg002867,0,print_matte,0.020974515
pg002868,0,print_glossy,0.10873373
pg002869,0,replay_phone,0.7837291
pg002870,0,replay_monitor,0.051558446
pg002871,0,cutout_mask,0.0020269416
pg002872,1,live,0.96434194
pg002873,1,live,0.7805361
pg002874,1,live,0.98048246
pg002875,0,print_matte,0.12566613
pg002876,0,print_glossy,0.27115765
pg002877,0,replay_phone,0.03429924
pg002878,0,replay_monitor,1.4056422e-11
pg002879,0,cutout_mask,0.0026289246
pg003120,1,live,0.9989483
pg003121,1,live,0.92587686
pg003122,1,live,0.98016584
pg003123,0,print_matte,0.010594204
pg003124,0,print_glossy,0.0636978
pg003125,0,replay_phone,0.63669163
pg003126,0,replay_monitor,0.8639351
pg003127,0,cutout_mask,0.030008825
pg003128,1,live,0.95645404
pg003129,1,live,0.9674684
pg003130,1,live,0.9499102
pg003131,0,print_matte,0.059857104
pg003132,0,print_glossy,0.44930828
pg003133,0,replay_phone,0.045300055
pg003134,0,replay_monitor,0.0017779539
pg003135,0,cutout_mask,0.18923071
pg003136,1,live,0.4841986
pg003137,1,live,0.98925054
pg003138,1,live,0.9956755
pg003139,0,print_matte,0.0010336619
pg003140,0,print_glossy,0.16670288
pg003141,0,replay_phone,0.006556225
pg003142,0,replay_monitor,1.7066618e-06
pg003143,0,cutout_mask,0.02178235
pg003144,1,live,0.17282091
pg003145,1,live,0.5046044
pg003146,1,live,0.9836137
pg003147,0,print_matte,0.0114440685
pg003148,0,print_glossy,0.0093021
pg003149,0,replay_phone,0.58825934
pg003150,0,replay_monitor,0.16290164
pg003151,0,cutout_mask,0.0021458024
pg003152,1,live,0.99920803
pg003153,1,live,0.21423675
pg003154,1,live,0.9605103
pg003155,0,print_matte,0.13393515
pg003156,0,print_glossy,0.025061544
pg003157,0,replay_phone,0.08715165
pg003158,0,replay_monitor,0.897903
pg003159,0,cutout_mask,0.070662186
pg003160,1,live,0.94606674
pg003161,1,live,0.98039216
pg003162,1,live,0.9992415
pg003163,0,print_matte,0.002426067
pg003164,0,print_glossy,0.920089
pg003165,0,replay_phone,0.06700623
pg003166,0,replay_monitor,0.23403016
pg003167,0,cutout_mask,0.08876921
pg003168,1,live,0.43914276
pg003169,1,live,0.98829323
pg003170,1,live,0.97000253
pg003171,0,print_matte,0.0011172327
pg003172,0,print_glossy,0.22872561
pg003173,0,replay_phone,0.18902014
pg003174,0,replay_monitor,1.206491e-05
pg003175,0,cutout_mask,0.001198955
pg003176,1,live,0.9804632
pg003177,1,live,0.12433283
pg003178,1,live,0.7876218
pg003179,0,print_matte,0.027695663
pg003180,0,print_glossy,0.12507117
pg003181,0,replay_phone,0.42100596
pg003182,0,replay_monitor,0.022384979
pg003183,0,cutout_mask,0.0002166217
pg003184,1,live,0.86556727
pg003185,1,live,0.9904282
pg003186,1,live,0.9978352
pg003187,0,print_matte,0.00088720536
pg003188,0,print_glossy,0.2972098
pg003189,0,replay_phone,0.4528375
pg003190,0,replay_monitor,0.21194096
pg003191,0,cutout_mask,0.0753896
pg003192,1,live,0.9995491
pg003193,1,live,0.99886024
pg003194,1,live,0.9924631
pg003195,0,print_matte,0.10324615
pg003196,0,print_glossy,0.99254143
pg003197,0,replay_phone,0.96386766
pg003198,0,replay_monitor,0.07438254
pg003199,0,cutout_mask,0.07456795
pg003200,1,live,0.533998
pg003201,1,live,0.8383203
pg003202,1,live,0.9668727
pg003203,0,print_matte,0.11120439
pg003204,0,print_glossy,0.9409425
pg003205,0,replay_phone,0.036966484
pg003206,0,replay_monitor,0.023302509
pg003207,0,cutout_mask,0.01001583
pg003208,1,live,0.9906294
pg003209,1,live,0.06020903
pg003210,1,live,0.984658
pg003211,0,print_matte,0.024862802
pg003212,0,print_glossy,0.93115884
pg003213,0,replay_phone,0.2974802
pg003214,0,replay_monitor,0.015039478
pg003215,0,cutout_mask,0.007306986
pg003216,1,live,0.7627602
pg003217,1,live,0.13794771
pg003218,1,live,0.94560623
pg003219,0,print_matte,0.016549319
pg003220,0,print_glossy,0.02079069
pg003221,0,replay_phone,0.70389116
pg003222,0,replay_monitor,0.17727643
pg003223,0,cutout_mask,0.00065385294
pg003224,1,live,0.9886079
pg003225,1,live,0.11647076
pg003226,1,live,0.083212964
pg003227,0,print_matte,0.39826062
pg003228,0,print_glossy,0.65064317
pg003229,0,replay_phone,0.8306547
pg003230,0,replay_monitor,4.547883e-06
pg003231,0,cutout_mask,0.016167747
pg003232,1,live,0.9586371
pg003233,1,live,0.90286636
pg003234,1,live,0.90134203
pg003235,0,print_matte,0.10051966
pg003236,0,print_glossy,0.41731438
pg003237,0,replay_phone,0.52445346
pg003238,0,replay_monitor,0.9933676
pg003239,0,cutout_mask,0.002616521
pg003240,1,live,0.95605135
pg003241,1,live,0.9991516
pg003242,1,live,0.85840577
pg003243,0,print_matte,0.22481568
pg003244,0,print_glossy,0.94132483
pg003245,0,replay_phone,0.89455384
pg003246,0,replay_monitor,3.7360942e-07
pg003247,0,cutout_mask,0.37493217
pg003248,1,live,0.9709918
pg003249,1,live,0.9705749
pg003250,1,live,0.9939056
pg003251,0,print_matte,0.042110734
pg003252,0,print_glossy,0.94229436
pg003253,0,replay_phone,0.34580642
pg003255,0,cutout_mask,0.0003258046
pg003256,1,live,0.92846185
pg003257,1,live,0.9998276
pg003258,1,live,0.95217514
pg003259,0,print_matte,0.53559846
pg003260,0,print_glossy,0.018392878
pg003261,0,replay_phone,0.020294206
pg003262,0,replay_monitor,0.052059397
pg003263,0,cutout_mask,0.015929533
pg003264,1,live,0.99265325
pg003265,1,live,0.84510887
pg003266,1,live,0.9935568
pg003267,0,print_matte,0.00078610104
pg003268,0,print_glossy,0.034300033
pg003269,0,replay_phone,0.013027846
pg003271,0,cutout_mask,0.019029927
pg003272,1,live,0.99526334
pg003273,1,live,0.27374893
pg003274,1,live,0.99906963
pg003275,0,print_matte,0.044280607
pg003276,0,print_glossy,0.123208694
pg003277,0,replay_phone,0.0025123965
pg003278,0,replay_monitor,0.2949128
pg003279,0,cutout_mask,1.48933605e-05
pg003280,1,live,0.48935622
pg003281,1,live,0.96522087
pg003282,1,live,0.9956338
pg003283,0,print_matte,0.073710606
pg003284,0,print_glossy,0.31455758
pg003285,0,replay_phone,0.07055797
pg003286,0,replay_monitor,3.6011264e-05
pg003287,0,cutout_mask,1.1292502e-05
pg003288,1,live,0.91113734
pg003289,1,live,0.9999578
pg003290,1,live,0.47944805
pg003291,0,print_matte,0.16220817
pg003292,0,print_glossy,0.05049406
pg003293,0,replay_phone,0.006159384
pg003294,0,replay_monitor,0.0063050007
pg003295,0,cutout_mask,0.0783408
pg003296,1,live,0.24909708
pg003297,1,live,0.9853516
pg003298,1,live,0.9834499
pg003299,0,print_matte,0.15001594
pg003300,0,print_glossy,0.02802859
pg003301,0,replay_phone,0.03133579
pg003302,0,replay_monitor,0.9836377
pg003304,1,live,0.9236536
pg003305,1,live,0.9992337
pg003306,1,live,0.99873954
pg003307,0,print_matte,0.0047300006
pg003308,0,print_glossy,0.33222768
pg003309,0,replay_phone,0.004386239
pg003310,0,replay_monitor,0.0066323956
pg003311,0,cutout_mask,0.0032717304
pg003312,1,live,0.9965287
pg003313,1,live,0.9999728
pg003314,1,live,0.9997633
pg003315,0,print_matte,0.020619385
pg003316,0,print_glossy,0.047512233
pg003317,0,replay_phone,0.014997944
pg003318,0,replay_monitor,0.008855487
pg003320,1,live,0.9872112
pg003321,1,live,0.99717987
pg003322,1,live,0.99625957
pg003323,0,print_matte,0.04381542
pg003324,0,print_glossy,0.28573257
pg003325,0,replay_phone,0.13397579
pg003326,0,replay_monitor,0.630241
pg003327,0,cutout_mask,0.024900077
pg003328,1,live,0.6931305
pg003329,1,live,0.99854255
pg003330,1,live,0.9394475
pg003331,0,print_matte,0.25767958
pg003332,0,print_glossy,0.81184316
pg003333,0,replay_phone,0.40271842
pg003335,0,cutout_mask,0.024319079
pg003336,1,live,0.9996979
pg003337,1,live,0.98938644
pg003338,1,live,0.9524298
pg003339,0,print_matte,0.5244899
pg003340,0,print_glossy,0.9968442
pg003341,0,replay_phone,0.32268876
pg003342,0,replay_monitor,0.001063685
pg003343,0,cutout_mask,8.500942e-05
pg003344,1,live,0.9627559
pg003345,1,live,0.9529541
pg003346,1,live,0.99997056
pg003347,0,print_matte,0.3426984
pg003348,0,print_glossy,0.24809265
pg003349,0,replay_phone,0.8715333
pg003350,0,replay_monitor,0.0013829594
pg003351,0,cutout_mask,0.003372353
pg003352,1,live,0.9948148
pg003353,1,live,0.97562987
pg003354,1,live,0.995171
pg003355,0,print_matte,0.036700714
pg003356,0,print_glossy,0.99973315
pg003357,0,replay_phone,0.9582484
pg003358,0,replay_monitor,9.4042844e-07
pg003359,0,cutout_mask,0.29274297
pg005400,1,live,0.9682843
pg005401,1,live,0.8814223
pg005402,1,live,0.88584334
pg005403,0,print_matte,0.0009211282
pg005404,0,print_glossy,0.10445582
pg005405,0,replay_phone,0.29053518
pg005406,0,replay_monitor,0.052886907
pg005407,0,cutout_mask,0.0132311685
pg005408,1,live,0.80775887
pg005409,1,live,0.95192003
pg005410,1,live,0.9954071
pg005411,0,print_matte,0.3280554
pg005412,0,print_glossy,0.5650091
pg005413,0,replay_phone,0.029987833
pg005414,0,replay_monitor,0.006220411
pg005415,0,cutout_mask,0.0007841461
pg005416,1,live,0.99831617
pg005417,1,live,0.99993396
pg005418,1,live,0.35293153
pg005419,0,print_matte,0.03058419
pg005420,0,print_glossy,0.132903
pg005421,0,replay_phone,0.019703373
pg005422,0,replay_monitor,0.30499667
pg005423,0,cutout_mask,0.0022139477
pg005424,1,live,0.9821394
pg005425,1,live,0.9667244
pg005426,1,live,0.3792972
pg005427,0,print_matte,0.00030569322
pg005428,0,print_glossy,0.00021055175
pg005429,0,replay_phone,0.754934
pg005430,0,replay_monitor,0.62726384
pg005431,0,cutout_mask,0.0030144178
pg005432,1,live,0.9717459
pg005433,1,live,0.9267342
pg005434,1,live,0.99862933
pg005435,0,print_matte,0.7081218
pg005436,0,print_glossy,0.00084255036
pg005437,0,replay_phone,0.009848819
pg005439,0,cutout_mask,0.011228842
pg005440,1,live,0.9982917
pg005441,1,live,0.9628822
pg005442,1,live,0.5010104
pg005443,0,print_matte,0.007970888
pg005444,0,print_glossy,0.29635125
pg005445,0,replay_phone,0.99601305
pg005446,0,replay_monitor,0.8208273
pg005447,0,cutout_mask,0.010102793
pg005448,1,live,0.9852444
pg005449,1,live,0.82563406
pg005450,1,live,0.98219275
pg005451,0,print_matte,0.0032075546
pg005452,0,print_glossy,0.0011301823
pg005453,0,replay_phone,0.15056728
pg005454,0,replay_monitor,0.0011980748
pg005455,0,cutout_mask,0.10990489
pg005456,1,live,0.99733776
pg005457,1,live,0.97714543
pg005458,1,live,0.9652033
pg005459,0,print_matte,0.003776958
pg005460,0,print_glossy,0.002303025
pg005461,0,replay_phone,0.9845866
pg005462,0,replay_monitor,4.8547554e-07
pg005463,0,cutout_mask,0.14841357
pg005464,1,live,0.9399977
pg005465,1,live,0.99989843
pg005466,1,live,0.71951
pg005467,0,print_matte,0.0025536583
pg005468,0,print_glossy,0.086926594
pg005469,0,replay_phone,0.03921278
pg005470,0,replay_monitor,6.68979e-05
pg005471,0,cutout_mask,0.0016090653
pg005472,1,live,0.79692495
pg005473,1,live,0.03644902
pg005474,1,live,0.9999913
pg005475,0,print_matte,0.0054832776
pg005476,0,print_glossy,0.007755779
pg005477,0,replay_phone,0.0056712874
pg005478,0,replay_monitor,7.538087e-07
pg005479,0,cutout_mask,0.40701562
pg005480,1,live,0.99355066
pg005481,1,live,0.4592928
pg005482,1,live,0.5533163
pg005483,0,print_matte,0.001655055
pg005484,0,print_glossy,0.8483542
pg005485,0,replay_phone,3.6383332e-07
pg005487,0,cutout_mask,0.00015128207
pg005488,1,live,0.825732
pg005489,1,live,0.36978045
pg005490,1,live,0.8977853
pg005491,0,print_matte,0.012267444
pg005492,0,print_glossy,0.3314668
pg005493,0,replay_phone,0.46910244
pg005494,0,replay_monitor,0.008493014
pg005495,0,cutout_mask,0.09154123
pg005496,1,live,0.9124853
pg005497,1,live,0.9980147
pg005498,1,live,0.29972467
pg005499,0,print_matte,0.21662943
pg005500,0,print_glossy,0.315975
pg005501,0,replay_phone,0.289645
pg005502,0,replay_monitor,0.85586834
pg005503,0,cutout_mask,0.015772313
pg005504,1,live,0.98701686
pg005505,1,live,0.9352721
pg005506,1,live,0.99940395
pg005507,0,print_matte,0.00032444825
pg005508,0,print_glossy,0.07377339
pg005509,0,replay_phone,0.021930091
pg005510,0,replay_monitor,0.13981357
pg005511,0,cutout_mask,0.0055982247
pg005512,1,live,0.5843016
pg005513,1,live,0.66286993
pg005514,1,live,0.9533546
pg005515,0,print_matte,0.0027908087
pg005516,0,print_glossy,0.17847401
pg005517,0,replay_phone,0.7930703
pg005518,0,replay_monitor,0.33671972
pg005519,0,cutout_mask,0.0005881119
pg005880,1,live,0.0061488063
pg005881,1,live,0.51129806
pg005882,1,live,0.9912949
pg005883,0,print_matte,0.29973614
pg005884,0,print_glossy,0.38459438
pg005885,0,replay_phone,0.092931055
pg005886,0,replay_monitor,5.7404042e-12
pg005887,0,cutout_mask,0.017894804
pg005888,1,live,0.6961936
pg005889,1,live,0.08786016
pg005890,1,live,0.9876682
pg005891,0,print_matte,0.00013647185
pg005892,0,print_glossy,0.0106584225
pg005893,0,replay_phone,0.0012910351
pg005894,0,replay_monitor,0.0053399624
pg005895,0,cutout_mask,0.20412658
pg005896,1,live,0.99907553
pg005897,1,live,0.9986185
pg005898,1,live,0.021758812
pg005899,0,print_matte,0.032176062
pg005900,0,print_glossy,0.033105128
pg005901,0,replay_phone,0.11454464
pg005902,0,replay_monitor,0.00027431367
pg005903,0,cutout_mask,1.0069801e-05
pg005904,1,live,0.988383
pg005905,1,live,0.8100257
pg005906,1,live,0.97439754
pg005907,0,print_matte,0.000519316
pg005908,0,print_glossy,0.46590364
pg005909,0,replay_phone,0.1585856
pg005910,0,replay_monitor,3.6631198e-11
pg005911,0,cutout_mask,0.0052304836
pg005912,1,live,0.8718341
pg005913,1,live,0.99226743
pg005914,1,live,0.91166383
pg005915,0,print_matte,0.00049901346
pg005916,0,print_glossy,0.029124878
pg005917,0,replay_phone,0.10594282
pg005918,0,replay_monitor,0.54583734
pg005919,0,cutout_mask,0.06924416
pg005920,1,live,0.99211216
pg005921,1,live,0.9850294
pg005922,1,live,0.91869915
pg005923,0,print_matte,0.00018866033
pg005924,0,print_glossy,0.02773423
pg005925,0,replay_phone,0.0019914196
pg005926,0,replay_monitor,4.8342048e-05
pg005927,0,cutout_mask,0.039477438
pg005928,1,live,0.6567894
pg005929,1,live,0.7790221
pg005930,1,live,0.9998642
pg005931,0,print_matte,0.0045334473
pg005932,0,print_glossy,0.11576826
pg005933,0,replay_phone,0.05186776
pg005935,0,cutout_mask,0.00015592987
pg005936,1,live,0.86371106
pg005937,1,live,0.99878603
pg005938,1,live,0.765904
pg005939,0,print_matte,0.025638977
pg005940,0,print_glossy,0.015252453
pg005941,0,replay_phone,0.014676606
pg005942,0,replay_monitor,0.09821037
pg005943,0,cutout_mask,1.514887e-05
pg005944,1,live,0.9835987
pg005945,1,live,0.99933845
pg005946,1,live,0.990639
pg005947,0,print_matte,0.011118322
pg005948,0,print_glossy,0.86939645
pg005949,0,replay_phone,0.03807476
pg005950,0,replay_monitor,0.099732354
pg005951,0,cutout_mask,0.0018083854
pg005952,1,live,0.95006454
pg005953,1,live,0.97241014
pg005954,1,live,0.9996629
pg005955,0,print_matte,0.0058326204
pg005956,0,print_glossy,0.0078082527
pg005957,0,replay_phone,0.058914296
pg005958,0,replay_monitor,0.001857355
pg005959,0,cutout_mask,0.000613241
pg005960,1,live,0.7891453
pg005961,1,live,0.014060309
pg005962,1,live,0.9506441
pg005963,0,print_matte,0.08918293
pg005964,0,print_glossy,0.000908269
pg005965,0,replay_phone,0.121687844
pg005966,0,replay_monitor,0.035894223
pg005967,0,cutout_mask,0.035896353
pg005968,1,live,0.9611124
pg005969,1,live,0.117604546
pg005970,1,live,0.9952212
pg005971,0,print_matte,0.013154384
pg005972,0,print_glossy,0.012924664
pg005973,0,replay_phone,0.0015889533
pg005974,0,replay_monitor,3.6019508e-05
pg005975,0,cutout_mask,0.0092217615
pg005976,1,live,0.9867836
pg005977,1,live,0.85591143
pg005978,1,live,0.64902544
pg005979,0,print_matte,0.1381436
pg005980,0,print_glossy,0.019869557
pg005981,0,replay_phone,0.00018008071
pg005982,0,replay_monitor,0.00032675214
pg005983,0,cutout_mask,0.0094706
pg005984,1,live,0.9373667
pg005985,1,live,0.64549327
pg005986,1,live,0.9850802
pg005987,0,print_matte,0.0015949028
pg005988,0,print_glossy,0.81026304
pg005989,0,replay_phone,0.025114084
pg005990,0,replay_monitor,0.0042882836
pg005991,0,cutout_mask,0.16469727
pg005992,1,live,0.77524656
pg005993,1,live,0.0011421667
pg005994,1,live,0.7362184
pg005995,0,print_matte,0.008832773
pg005996,0,print_glossy,0.3381177
pg005997,0,replay_phone,0.43344104
pg005999,0,cutout_mask,0.77327746
pg006360,1,live,0.9377603
pg006361,1,live,0.9368578
pg006362,1,live,0.38129255
pg006363,0,print_matte,0.058366176
pg006364,0,print_glossy,0.9403259
pg006365,0,replay_phone,0.04169851
pg006366,0,replay_monitor,7.797588e-05
pg006367,0,cutout_mask,0.0046178894
pg006368,1,live,0.99646336
pg006369,1,live,0.95875853
pg006370,1,live,0.9924098
pg006371,0,print_matte,0.0048223017
pg006372,0,print_glossy,0.013347937
pg006373,0,replay_phone,0.077525124
pg006374,0,replay_monitor,0.000206108
pg006375,0,cutout_mask,0.007230919
pg006376,1,live,0.034163006
pg006377,1,live,0.93766636
pg006378,1,live,0.82546943
pg006379,0,print_matte,0.008890074
pg006380,0,print_glossy,0.46491036
pg006381,0,replay_phone,0.9827476
pg006383,0,cutout_mask,0.004581056
pg006384,1,live,0.9303323
pg006385,1,live,0.8853289
pg006386,1,live,0.98013777
pg006387,0,print_matte,0.005985576
pg006388,0,print_glossy,0.9352245
pg006389,0,replay_phone,0.09695742
pg006390,0,replay_monitor,0.027629856
pg006391,0,cutout_mask,0.40759945
pg006392,1,live,0.98497635
pg006393,1,live,0.90048826
pg006394,1,live,0.51846194
pg006395,0,print_matte,0.048541494
pg006396,0,print_glossy,0.75644016
pg006397,0,replay_phone,0.77450514
pg006399,0,cutout_mask,0.2723589
pg006400,1,live,0.97416604
pg006401,1,live,0.08952679
pg006402,1,live,0.96810156
pg006403,0,print_matte,0.16360006
pg006404,0,print_glossy,0.14315867
pg006405,0,replay_phone,0.028096408
pg006406,0,replay_monitor,4.7833168e-05
pg006407,0,cutout_mask,0.026275551
pg006408,1,live,0.44365826
pg006409,1,live,0.5319632
pg006410,1,live,0.4234175
pg006411,0,print_matte,0.006436632
pg006412,0,print_glossy,0.363826
pg006413,0,replay_phone,0.42032906
pg006414,0,replay_monitor,0.059156816
pg006415,0,cutout_mask,0.0005063325
pg006416,1,live,0.99795073
pg006417,1,live,0.8737446
pg006418,1,live,0.9962035
pg006419,0,print_matte,0.0640281
pg006420,0,print_glossy,0.17945215
pg006421,0,replay_phone,0.7145023
pg006422,0,replay_monitor,0.0019881923
pg006423,0,cutout_mask,0.006728019
pg006424,1,live,0.6149824
pg006425,1,live,0.9224772
pg006426,1,live,0.7767614
pg006427,0,print_matte,0.10291626
pg006428,0,print_glossy,0.04027067
pg006429,0,replay_phone,0.07055321
pg006430,0,replay_monitor,0.0033768145
pg006431,0,cutout_mask,0.0005020507
pg006432,1,live,0.51088536
pg006433,1,live,0.98402065
pg006434,1,live,0.98830426
pg006435,0,print_matte,0.00047899783
pg006436,0,print_glossy,0.51767623
pg006437,0,replay_phone,0.022837417
pg006439,0,cutout_mask,0.1753492
pg006440,1,live,0.87566173
pg006441,1,live,0.35826382
pg006442,1,live,0.25283295
pg006443,0,print_matte,0.91836613
pg006444,0,print_glossy,0.7929061
pg006445,0,replay_phone,0.0033699374
pg006447,0,cutout_mask,0.021240938
pg006448,1,live,0.94632447
pg006449,1,live,0.33056974
pg006450,1,live,0.103777915
pg006451,0,print_matte,0.01821003
pg006452,0,print_glossy,0.86696345
pg006453,0,replay_phone,0.015777458
pg006454,0,replay_monitor,0.0040324624
pg006455,0,cutout_mask,0.0032484145
pg006456,1,live,0.8729457
pg006457,1,live,0.9987192
pg006458,1,live,0.38150027
pg006459,0,print_matte,0.011644694
pg006461,0,replay_phone,0.24316244
pg006462,0,replay_monitor,0.0067733848
pg006463,0,cutout_mask,0.0036706687
pg006464,1,live,0.698795
pg006465,1,live,0.96090287
pg006466,1,live,0.8006787
pg006467,0,print_matte,0.22439437
pg006468,0,print_glossy,0.36653614
pg006469,0,replay_phone,0.9764139
pg006470,0,replay_monitor,0.8926277
pg006471,0,cutout_mask,0.15191054
pg006472,1,live,0.35354403
pg006473,1,live,0.009704306
pg006474,1,live,0.82904947
pg006475,0,print_matte,0.01961487
pg006477,0,replay_phone,0.6538657
pg006478,0,replay_monitor,1.9580164e-06
pg006479,0,cutout_mask,0.7024291
pg007800,1,live,0.9952425
pg007801,1,live,0.51631147
pg007802,1,live,0.73209774
pg007803,0,print_matte,1.7823596e-07
pg007804,0,print_glossy,0.09145676
pg007805,0,replay_phone,0.06966186
pg007806,0,replay_monitor,0.12578522
pg007807,0,cutout_mask,0.06620959
pg007808,1,live,0.9891317
pg007809,1,live,0.46969756
pg007810,1,live,0.7360492
pg007811,0,print_matte,0.017463114
pg007812,0,print_glossy,0.010317805
pg007813,0,replay_phone,0.55758876
pg007814,0,replay_monitor,0.00013820821
pg007815,0,cutout_mask,0.0012049783
pg007816,1,live,0.9983284
pg007817,1,live,0.9984818
pg007818,1,live,0.16671881
pg007819,0,print_matte,2.6065036e-05
pg007820,0,print_glossy,0.15616599
pg007821,0,replay_phone,0.0010759383
pg007822,0,replay_monitor,0.0010122051
pg007823,0,cutout_mask,6.803762e-05
pg007824,1,live,0.999946
pg007825,1,live,0.19321178
pg007826,1,live,0.9194315
pg007827,0,print_matte,0.00781034
pg007828,0,print_glossy,0.06363768
pg007829,0,replay_phone,0.7142345
pg007830,0,replay_monitor,0.0026405638
pg007831,0,cutout_mask,0.14177985
pg007832,1,live,0.99987876
pg007833,1,live,0.99991715
pg007834,1,live,0.9999664
pg007835,0,print_matte,0.0046935068
pg007836,0,print_glossy,0.0043152147
pg007837,0,replay_phone,0.02413714
pg007838,0,replay_monitor,0.28209347
pg007839,0,cutout_mask,0.011272858
pg007840,1,live,0.9846751
pg007841,1,live,0.9881566
pg007842,1,live,0.9046879
pg007843,0,print_matte,0.019207058
pg007844,0,print_glossy,0.20025453
pg007845,0,replay_phone,0.38445252
pg007846,0,replay_monitor,0.24649672
pg007847,0,cutout_mask,0.49548802
pg007848,1,live,0.27605635
pg007849,1,live,0.46352875
pg007850,1,live,0.99551326
pg007851,0,print_matte,0.20028977
pg007852,0,print_glossy,0.117772244
pg007853,0,replay_phone,0.96686167
pg007854,0,replay_monitor,0.11359618
pg007855,0,cutout_mask,0.06697072
pg007856,1,live,0.99980277
pg007857,1,live,0.7259921
pg007858,1,live,0.9917448
pg007859,0,print_matte,0.0008185488
pg007860,0,print_glossy,0.000633066
pg007861,0,replay_phone,0.053558357
pg007862,0,replay_monitor,0.013411216
pg007863,0,cutout_mask,0.1475858
pg007864,1,live,0.74606067
pg007865,1,live,0.99995244
pg007866,1,live,0.017886996
pg007867,0,print_matte,0.12291684
pg007868,0,print_glossy,0.5820535
pg007869,0,replay_phone,0.83262825
pg007870,0,replay_monitor,0.08661328
pg007871,0,cutout_mask,0.72852206
pg007872,1,live,0.9725338
pg007873,1,live,0.92311805
pg007874,1,live,0.9997969
pg007875,0,print_matte,0.10281197
pg007876,0,print_glossy,0.0020210287
pg007877,0,replay_phone,0.24774623
pg007878,0,replay_monitor,0.78676385
pg007879,0,cutout_mask,0.22191483
pg007880,1,live,0.9905442
pg007881,1,live,0.38032094
pg007882,1,live,0.6936748
pg007883,0,print_matte,0.34710094
pg007884,0,print_glossy,0.13404009
pg007885,0,replay_phone,0.97718245
pg007886,0,replay_monitor,0.10940453
pg007887,0,cutout_mask,0.032539215
pg007888,1,live,0.13482712
pg007889,1,live,0.9990959
pg007890,1,live,0.4569699
pg007891,0,print_matte,0.07870729
pg007892,0,print_glossy,0.6156087
pg007893,0,replay_phone,0.12933339
pg007894,0,replay_monitor,8.536213e-05
pg007895,0,cutout_mask,0.00027412438
pg007896,1,live,0.9969584
pg007897,1,live,0.46762714
pg007898,1,live,0.09556202
pg007899,0,print_matte,0.031526566
pg007900,0,print_glossy,0.090904295
pg007901,0,replay_phone,0.46140257
pg007902,0,replay_monitor,0.6876623
pg007903,0,cutout_mask,0.009838873
pg007904,1,live,0.9922105
pg007905,1,live,0.9824386
pg007906,1,live,0.9939521
pg007907,0,print_matte,0.15371515
pg007908,0,print_glossy,0.10892024
pg007909,0,replay_phone,0.760015
pg007911,0,cutout_mask,0.07094567
pg007912,1,live,0.9987343
pg007913,1,live,0.80589825
pg007914,1,live,0.99691015
pg007915,0,print_matte,0.02227934
pg007916,0,print_glossy,0.0057158223
pg007917,0,replay_phone,0.6695033
pg007918,0,replay_monitor,2.3750405e-05
pg007919,0,cutout_mask,0.0009573568
pg010560,1,live,0.34189647
pg010561,1,live,0.9910343
pg010562,1,live,0.9898168
pg010563,0,print_matte,0.4238492
pg010564,0,print_glossy,0.602616
pg010565,0,replay_phone,0.38215777
pg010566,0,replay_monitor,0.00012044756
pg010567,0,cutout_mask,2.6169022e-05
pg010568,1,live,0.98718643
pg010569,1,live,0.9867395
pg010570,1,live,0.9391971
pg010571,0,print_matte,0.070802346
pg010572,0,print_glossy,0.15486947
pg010573,0,replay_phone,0.21959114
pg010574,0,replay_monitor,0.086738415
pg010575,0,cutout_mask,0.0060906135
pg010576,1,live,0.96620274
pg010577,1,live,0.6748654
pg010578,1,live,0.9249523
pg010579,0,print_matte,0.0019971118
pg010580,0,print_glossy,0.021272048
pg010581,0,replay_phone,0.0006915419
pg010583,0,cutout_mask,0.0026115084
pg010584,1,live,0.9939189
pg010585,1,live,0.9518838
pg010586,1,live,0.85736364
pg010587,0,print_matte,0.34901795
pg010588,0,print_glossy,0.0018931491
pg010589,0,replay_phone,0.035192788
pg010590,0,replay_monitor,0.015226427
pg010591,0,cutout_mask,0.0002889057
pg010592,1,live,0.9979899
pg010593,1,live,0.99949944
pg010594,1,live,0.9627273
pg010595,0,print_matte,0.019202316
pg010596,0,print_glossy,0.0012428743
pg010597,0,replay_phone,0.93459326
pg010598,0,replay_monitor,3.4500976e-05
pg010599,0,cutout_mask,0.016811905
pg010600,1,live,0.36580187
pg010601,1,live,0.9999112
pg010602,1,live,0.9991242
pg010603,0,print_matte,0.000540157
pg010604,0,print_glossy,0.02040988
pg010605,0,replay_phone,0.43818223
pg010606,0,replay_monitor,0.01614803
pg010607,0,cutout_mask,0.40061113
pg010608,1,live,0.99133235
pg010609,1,live,0.9957266
pg010610,1,live,0.99271214
pg010611,0,print_matte,0.0096945865
pg010612,0,print_glossy,0.4661252
pg010613,0,replay_phone,0.3273629
pg010614,0,replay_monitor,0.8298287
pg010615,0,cutout_mask,0.21652055
pg010616,1,live,0.85439414
pg010617,1,live,0.99394894
pg010618,1,live,0.97613734
pg010619,0,print_matte,0.0032507759
pg010620,0,print_glossy,0.018218443
pg010621,0,replay_phone,2.4418816e-07
pg010622,0,replay_monitor,0.9900181
pg010623,0,cutout_mask,0.00019264089
pg010624,1,live,0.26884234
pg010625,1,live,0.96367824
pg010626,1,live,0.992937
pg010627,0,print_matte,0.0057289996
pg010628,0,print_glossy,0.22396368
pg010629,0,replay_phone,0.10424204
pg010630,0,replay_monitor,0.002392225
pg010631,0,cutout_mask,0.063194424
pg010632,1,live,0.9998591
pg010633,1,live,0.17812209
pg010634,1,live,0.9992142
pg010635,0,print_matte,0.013633872
pg010636,0,print_glossy,8.110186e-05
pg010637,0,replay_phone,0.38562375
pg010638,0,replay_monitor,0.071805395
pg010639,0,cutout_mask,0.5706581
pg010640,1,live,0.97458047
pg010641,1,live,0.9358029
pg010642,1,live,0.29356337
pg010643,0,print_matte,0.15968627
pg010644,0,print_glossy,0.010157987
pg010645,0,replay_phone,0.0015589256
pg010646,0,replay_monitor,0.0045974976
pg010647,0,cutout_mask,0.31159744
pg010648,1,live,0.4297146
pg010649,1,live,0.34697127
pg010650,1,live,0.9761787
pg010651,0,print_matte,0.109645054
pg010652,0,print_glossy,0.17148735
pg010653,0,replay_phone,0.0029760045
pg010654,0,replay_monitor,3.2445875e-12
pg010655,0,cutout_mask,0.6469647
pg010656,1,live,0.64619297
pg010657,1,live,0.5100302
pg010658,1,live,0.96692574
pg010659,0,print_matte,0.00084895676
pg010660,0,print_glossy,0.061262827
pg010661,0,replay_phone,0.6607049
pg010662,0,replay_monitor,0.0034323072
pg010663,0,cutout_mask,0.88762975
pg010664,1,live,0.25786465
pg010665,1,live,0.99714065
pg010666,1,live,0.6126635
pg010667,0,print_matte,0.0013858507
pg010668,0,print_glossy,0.0037287928
pg010669,0,replay_phone,0.023113823
pg010670,0,replay_monitor,4.320036e-06
pg010671,0,cutout_mask,0.5441009
pg010672,1,live,0.99769944
pg010673,1,live,0.9598808
pg010674,1,live,0.016863277
pg010675,0,print_matte,0.030102272
pg010676,0,print_glossy,0.5918806
pg010677,0,replay_phone,0.93972284
pg010679,0,cutout_mask,0.009184507
pg010920,1,live,0.8936129
pg010921,1,live,0.07243631
pg010922,1,live,0.99908173
pg010923,0,print_matte,0.027053904
pg010924,0,print_glossy,0.0028331978
pg010925,0,replay_phone,0.060657695
pg010926,0,replay_monitor,0.00011949701
pg010927,0,cutout_mask,0.04136147
pg010928,1,live,0.14209454
pg010929,1,live,0.99468035
pg010930,1,live,0.96690446
pg010932,0,print_glossy,0.0003886533
pg010933,0,replay_phone,0.023150606
pg010934,0,replay_monitor,6.7100486e-06
pg010935,0,cutout_mask,0.042597756
pg010936,1,live,0.57350147
pg010937,1,live,0.0006629867
pg010938,1,live,0.9964134
pg010939,0,print_matte,0.00078214717
pg010940,0,print_glossy,0.1798569
pg010941,0,replay_phone,1.9080105e-07
pg010942,0,replay_monitor,0.025127593
pg010943,0,cutout_mask,0.027376102
pg010944,1,live,0.9900506
pg010945,1,live,0.9996344
pg010946,1,live,0.9538346
pg010947,0,print_matte,0.11219285
pg010948,0,print_glossy,0.11986528
pg010949,0,replay_phone,0.11524145
pg010950,0,replay_monitor,0.06304812
pg010951,0,cutout_mask,0.0050288886
pg010952,1,live,0.999658
pg010953,1,live,0.99872786
pg010954,1,live,0.9994135
pg010955,0,print_matte,0.0049051032
pg010956,0,print_glossy,0.047653854
pg010957,0,replay_phone,0.00024471438
pg010958,0,replay_monitor,0.010896899
pg010959,0,cutout_mask,0.003276609
pg010960,1,live,0.37357697
pg010961,1,live,0.99836105
pg010962,1,live,0.9955817
pg010963,0,print_matte,0.00038391547
pg010964,0,print_glossy,0.0032744624
pg010965,0,replay_phone,0.13655624
pg010966,0,replay_monitor,0.00056997745
pg010967,0,cutout_mask,0.0041550896
pg010968,1,live,0.9992354
pg010969,1,live,0.9827778
pg010970,1,live,0.9839835
pg010971,0,print_matte,0.014908983
pg010972,0,print_glossy,0.6399005
pg010973,0,replay_phone,0.08837998
pg010974,0,replay_monitor,0.00018686183
pg010975,0,cutout_mask,0.0016695672
pg010976,1,live,0.9998037
pg010977,1,live,0.94565356
pg010978,1,live,0.9437254
pg010979,0,print_matte,0.04806637
pg010980,0,print_glossy,0.7978653
pg010981,0,replay_phone,0.020928992
pg010982,0,replay_monitor,5.7645615e-13
pg010983,0,cutout_mask,3.1474651e-06
pg010984,1,live,0.20847324
pg010985,1,live,0.7239001
pg010986,1,live,0.48129103
pg010987,0,print_matte,0.029654125
pg010988,0,print_glossy,0.015775518
pg010989,0,replay_phone,0.048129212
pg010990,0,replay_monitor,0.0018518391
pg010991,0,cutout_mask,0.00077451847
pg010992,1,live,0.9979279
pg010993,1,live,0.9939055
pg010994,1,live,0.53463376
pg010995,0,print_matte,0.006798971
pg010996,0,print_glossy,1.50322585e-05
pg010997,0,replay_phone,0.0006159516
pg010998,0,replay_monitor,2.2440993e-06
pg010999,0,cutout_mask,0.65102345
pg011000,1,live,0.9032392
pg011001,1,live,0.5032573
pg011002,1,live,0.5980264
pg011003,0,print_matte,0.068872266
pg011004,0,print_glossy,0.03158165
pg011005,0,replay_phone,0.8555137
pg011006,0,replay_monitor,0.7808192
pg011007,0,cutout_mask,0.013493623
pg011008,1,live,0.9982591
pg011009,1,live,0.8737965
pg011010,1,live,0.83934075
pg011011,0,print_matte,0.37016392
pg011012,0,print_glossy,0.98676443
pg011013,0,replay_phone,0.01032825
pg011015,0,cutout_mask,0.014373505
pg011016,1,live,0.9597497
pg011017,1,live,0.8663768
pg011018,1,live,0.99439925
pg011019,0,print_matte,0.026503216
pg011020,0,print_glossy,0.0033114199
pg011021,0,replay_phone,0.9482957
pg011022,0,replay_monitor,6.287176e-08
pg011023,0,cutout_mask,0.009279439
pg011024,1,live,0.9880874
pg011025,1,live,0.33484244
pg011026,1,live,0.025217682
pg011027,0,print_matte,0.09376824
pg011028,0,print_glossy,0.0029416056
pg011029,0,replay_phone,0.0042876746
pg011030,0,replay_monitor,0.20107323
pg011031,0,cutout_mask,0.030128844
pg011032,1,live,0.9969893
pg011033,1,live,0.9125375
pg011034,1,live,0.52900606
pg011035,0,print_matte,0.018065356
pg011036,0,print_glossy,0.3089805
pg011037,0,replay_phone,0.0016128332
pg011038,0,replay_monitor,0.013445663
pg011039,0,cutout_mask,0.0069353464
pg011640,1,live,0.98658144
pg011641,1,live,0.9969988
pg011642,1,live,0.9907418
pg011643,0,print_matte,0.04293623
pg011644,0,print_glossy,0.0058357986
pg011645,0,replay_phone,0.002333316
pg011646,0,replay_monitor,0.00025103308
pg011647,0,cutout_mask,0.0063570915
pg011648,1,live,0.99085546
pg011649,1,live,0.31011182
pg011650,1,live,0.99771035
pg011651,0,print_matte,0.021949789
pg011652,0,print_glossy,0.00023872736
pg011653,0,replay_phone,0.10776555
pg011655,0,cutout_mask,0.010426369
pg011656,1,live,0.9979724
pg011657,1,live,0.99672866
pg011658,1,live,0.34130448
pg011659,0,print_matte,0.00076194934
pg011660,0,print_glossy,0.026729122
pg011661,0,replay_phone,0.023555066
pg011662,0,replay_monitor,0.004776235
pg011663,0,cutout_mask,0.019440949
pg011664,1,live,0.81349283
pg011665,1,live,0.966218
pg011666,1,live,0.024369637
pg011667,0,print_matte,0.09025378
pg011668,0,print_glossy,0.755394
pg011669,0,replay_phone,0.7034705
pg011670,0,replay_monitor,0.0004223198
pg011671,0,cutout_mask,0.028686132
pg011672,1,live,0.9993297
pg011673,1,live,0.07605648
pg011674,1,live,0.9702057
pg011675,0,print_matte,0.00045765328
pg011676,0,print_glossy,0.011510292
pg011677,0,replay_phone,0.9856793
pg011678,0,replay_monitor,0.37795448
pg011679,0,cutout_mask,0.0134524
pg011680,1,live,0.9999304
pg011681,1,live,0.9947109
pg011682,1,live,0.6438383
pg011683,0,print_matte,0.00022868453
pg011684,0,print_glossy,5.0626753e-05
pg011685,0,replay_phone,0.003560524
pg011686,0,replay_monitor,0.00024146544
pg011687,0,cutout_mask,0.2029597
pg011688,1,live,0.012263955
pg011689,1,live,0.99370295
pg011690,1,live,0.9777724
pg011691,0,print_matte,0.0064109582
pg011692,0,print_glossy,0.011050071
pg011693,0,replay_phone,0.0055695022
pg011694,0,replay_monitor,0.08311868
pg011695,0,cutout_mask,0.037393976
pg011696,1,live,0.85737425
pg011697,1,live,0.055931464
pg011698,1,live,0.058216453
pg011699,0,print_matte,0.017684536
pg011700,0,print_glossy,0.016960511
pg011701,0,replay_phone,0.11091587
pg011702,0,replay_monitor,0.00028577392
pg011703,0,cutout_mask,0.057159685
pg011704,1,live,0.99905425
pg011705,1,live,0.6382209
pg011706,1,live,0.049824104
pg011707,0,print_matte,0.091019474
pg011708,0,print_glossy,0.5779059
pg011709,0,replay_phone,0.050961893
pg011710,0,replay_monitor,2.2683922e-05
pg011711,0,cutout_mask,0.003870884
pg011712,1,live,0.2309534
pg011713,1,live,0.37180611
pg011714,1,live,0.9940587
pg011715,0,print_matte,0.031098006
pg011716,0,print_glossy,0.070557214
pg011717,0,replay_phone,0.26793352
pg011718,0,replay_monitor,1.7144826e-09
pg011719,0,cutout_mask,0.010006586
pg011720,1,live,0.9917086
pg011721,1,live,0.31570518
pg011722,1,live,0.9973373
pg011723,0,print_matte,0.57843
pg011724,0,print_glossy,0.16699296
pg011725,0,replay_phone,0.20438118
pg011726,0,replay_monitor,0.001679478
pg011727,0,cutout_mask,0.0025290127
pg011728,1,live,0.98661476
pg011729,1,live,0.48705983
pg011730,1,live,0.18049642
pg011731,0,print_matte,0.11697126
pg011732,0,print_glossy,0.035967726
pg011733,0,replay_phone,0.007581492
pg011734,0,replay_monitor,0.051995832
pg011735,0,cutout_mask,0.0068062576
pg011736,1,live,0.9981933
pg011737,1,live,0.103200994
pg011738,1,live,0.99947554
pg011739,0,print_matte,0.6136238
pg011740,0,print_glossy,0.17140014
pg011741,0,replay_phone,0.0471505
pg011742,0,replay_monitor,1.7630178e-06
pg011743,0,cutout_mask,5.1801067e-07
pg011744,1,live,0.9956541
pg011745,1,live,0.99881184
pg011746,1,live,0.33961332
pg011747,0,print_matte,0.0030683882
pg011748,0,print_glossy,0.0044591706
pg011749,0,replay_phone,0.6266217
pg011750,0,replay_monitor,0.07778454
pg011751,0,cutout_mask,0.029201224
pg011752,1,live,0.9925932
pg011753,1,live,0.7719083
pg011754,1,live,0.6157428
pg011755,0,print_matte,0.079366885
pg011756,0,print_glossy,0.008898548
pg011757,0,replay_phone,0.0003322658
pg011758,0,replay_monitor,0.00020880703
pg011759,0,cutout_mask,0.93340915
pg012000,1,live,0.39699927
pg012001,1,live,0.99457884
pg012002,1,live,0.935124
pg012003,0,print_matte,0.07024115
pg012004,0,print_glossy,0.00014375371
pg012005,0,replay_phone,0.00011942524
pg012006,0,replay_monitor,0.0001995734
pg012007,0,cutout_mask,0.00010268884
pg012008,1,live,0.98374176
pg012009,1,live,0.9601675
pg012010,1,live,0.99695575
pg012011,0,print_matte,0.016505003
pg012012,0,print_glossy,0.014318767
pg012013,0,replay_phone,0.018952407
pg012014,0,replay_monitor,2.2998787e-05
pg012015,0,cutout_mask,2.6549114e-05
pg012016,1,live,0.22022371
pg012017,1,live,0.97019887
pg012018,1,live,0.5685583
pg012019,0,print_matte,0.016767243
pg012020,0,print_glossy,0.016728908
pg012021,0,replay_phone,0.0017448764
pg012023,0,cutout_mask,0.027511945
pg012024,1,live,0.9487961
pg012025,1,live,0.9663656
pg012026,1,live,0.3606025
pg012027,0,print_matte,0.19783975
pg012028,0,print_glossy,4.9441216e-05
pg012029,0,replay_phone,0.98432875
pg012030,0,replay_monitor,0.042648893
pg012031,0,cutout_mask,0.008218733
pg012032,1,live,0.92188126
pg012033,1,live,0.8102622
pg012034,1,live,0.9354084
pg012035,0,print_matte,0.00027625877
pg012036,0,print_glossy,0.00023264624
pg012037,0,replay_phone,0.41441333
pg012038,0,replay_monitor,0.0010329152
pg012039,0,cutout_mask,0.24859825
pg012040,1,live,0.6620639
pg012041,1,live,0.83788633
pg012042,1,live,0.99528474
pg012043,0,print_matte,0.0016880953
pg012044,0,print_glossy,0.23969483
pg012045,0,replay_phone,0.00385736
pg012046,0,replay_monitor,0.00084855885
pg012047,0,cutout_mask,0.63879806
pg012048,1,live,0.9988951
pg012049,1,live,0.9616283
pg012050,1,live,0.44887897
pg012051,0,print_matte,0.0019018034
pg012052,0,print_glossy,0.26053977
pg012053,0,replay_phone,0.0024366318
pg012054,0,replay_monitor,0.08400386
pg012055,0,cutout_mask,0.012201705
pg012056,1,live,0.9859725
pg012057,1,live,0.09161037
pg012058,1,live,0.8769562
pg012059,0,print_matte,0.00048549098
pg012060,0,print_glossy,0.0005684453
pg012061,0,replay_phone,0.0021053676
pg012062,0,replay_monitor,2.853313e-06
pg012063,0,cutout_mask,0.003634258
pg012064,1,live,0.9926046
pg012065,1,live,0.9876096
pg012066,1,live,0.9603505
pg012067,0,print_matte,0.0006537925
pg012068,0,print_glossy,0.011588423
pg012069,0,replay_phone,0.4954255
pg012070,0,replay_monitor,0.029461937
pg012071,0,cutout_mask,0.022670625
pg012072,1,live,0.22419356
pg012073,1,live,0.97054964
pg012074,1,live,0.022740375
pg012075,0,print_matte,0.00035890783
pg012076,0,print_glossy,0.12228585
pg012077,0,replay_phone,0.21542376
pg012079,0,cutout_mask,0.001019702
pg012080,1,live,0.8866561
pg012081,1,live,0.4283677
pg012082,1,live,0.087617986
pg012083,0,print_matte,0.0029148282
pg012084,0,print_glossy,0.009228874
pg012085,0,replay_phone,0.0040436448
pg012086,0,replay_monitor,0.18394108
pg012087,0,cutout_mask,0.63582623
pg012088,1,live,0.98932403
pg012089,1,live,0.2708047
pg012090,1,live,0.6237362
pg012091,0,print_matte,0.0020002783
pg012092,0,print_glossy,0.809091
pg012093,0,replay_phone,0.034941424
pg012094,0,replay_monitor,3.2290956e-07
pg012095,0,cutout_mask,0.1566389
pg012096,1,live,0.9493209
pg012097,1,live,0.9890838
pg012098,1,live,0.9479479
pg012099,0,print_matte,0.19692272
pg012100,0,print_glossy,0.10812272
pg012101,0,replay_phone,0.238157
pg012102,0,replay_monitor,0.34384474
pg012103,0,cutout_mask,0.022715194
pg012104,1,live,0.9038727
pg012105,1,live,0.9714717
pg012106,1,live,0.99565965
pg012107,0,print_matte,0.0016862778
pg012108,0,print_glossy,0.5000458
pg012109,0,replay_phone,0.10631334
pg012110,0,replay_monitor,7.1260375e-10
pg012111,0,cutout_mask,0.00039396712
pg012112,1,live,0.852619
pg012113,1,live,0.951604
pg012114,1,live,0.31633613
pg012115,0,print_matte,0.02095309
pg012116,0,print_glossy,0.45559454
pg012117,0,replay_phone,0.004519801
pg012118,0,replay_monitor,0.003925435
pg012119,0,cutout_mask,0.83982855
pg013560,1,live,0.9961361
pg013561,1,live,0.97982347
pg013562,1,live,0.9795507
pg013563,0,print_matte,0.024556082
pg013564,0,print_glossy,0.992572
pg013565,0,replay_phone,0.061599
pg013567,0,cutout_mask,0.71058595
pg013568,1,live,0.999943
pg013569,1,live,0.9999796
pg013570,1,live,0.9991731
pg013571,0,print_matte,0.028468926
pg013572,0,print_glossy,0.9775367
pg013573,0,replay_phone,0.9907136
pg013574,0,replay_monitor,0.001788421
pg013575,0,cutout_mask,0.1213458
pg013576,1,live,0.781169
pg013577,1,live,0.9356011
pg013578,1,live,0.9992705
pg013579,0,print_matte,0.005035526
pg013580,0,print_glossy,0.037802897
pg013581,0,replay_phone,0.92276365
pg013582,0,replay_monitor,0.32405052
pg013583,0,cutout_mask,0.23928002
pg013584,1,live,0.99941635
pg013585,1,live,0.9750666
pg013586,1,live,0.9998671
pg013587,0,print_matte,0.19534358
pg013588,0,print_glossy,0.95094204
pg013589,0,replay_phone,0.92589265
pg013590,0,replay_monitor,3.960786e-06
pg013591,0,cutout_mask,0.82628083
pg013592,1,live,0.94185984
pg013593,1,live,0.99963045
pg013594,1,live,0.98625135
pg013595,0,print_matte,0.00043543853
pg013596,0,print_glossy,0.6100323
pg013597,0,replay_phone,0.19889903
pg013598,0,replay_monitor,9.903782e-06
pg013599,0,cutout_mask,0.73532885
pg013600,1,live,0.99533623
pg013601,1,live,0.8633621
pg013602,1,live,0.42907506
pg013603,0,print_matte,0.004895052
pg013604,0,print_glossy,0.027533414
pg013605,0,replay_phone,0.0059412494
pg013606,0,replay_monitor,0.00013874682
pg013607,0,cutout_mask,0.40087932
pg013608,1,live,0.99998355
pg013609,1,live,0.9995741
pg013610,1,live,0.9217584
pg013611,0,print_matte,0.004375148
pg013612,0,print_glossy,0.018991333
pg013613,0,replay_phone,0.4910444
pg013614,0,replay_monitor,0.03443612
pg013615,0,cutout_mask,0.46679944
pg013616,1,live,0.9982299
pg013617,1,live,0.97976184
pg013618,1,live,0.98248243
pg013619,0,print_matte,0.00043224273
pg013620,0,print_glossy,0.0030919516
pg013621,0,replay_phone,0.13510837
pg013622,0,replay_monitor,0.062989086
pg013623,0,cutout_mask,0.16616043
pg013624,1,live,0.99997246
pg013625,1,live,0.6953312
pg013626,1,live,0.9861245
pg013627,0,print_matte,0.00014116979
pg013628,0,print_glossy,0.5887447
pg013629,0,replay_phone,0.22854134
pg013630,0,replay_monitor,0.43927112
pg013631,0,cutout_mask,0.021197367
pg013632,1,live,0.9577982
pg013633,1,live,0.73414284
pg013634,1,live,0.99330056
pg013635,0,print_matte,0.011707125
pg013636,0,print_glossy,0.020423774
pg013637,0,replay_phone,0.008861077
pg013638,0,replay_monitor,0.008707276
pg013639,0,cutout_mask,0.03030572
pg013640,1,live,0.65509504
pg013641,1,live,0.934069
pg013642,1,live,0.09738085
pg013643,0,print_matte,0.030802073
pg013644,0,print_glossy,0.1376101
pg013645,0,replay_phone,0.007953487
pg013646,0,replay_monitor,0.7492146
pg013647,0,cutout_mask,0.5719626
pg013648,1,live,0.1130107
pg013649,1,live,0.67887366
pg013650,1,live,0.8014131
pg013651,0,print_matte,6.4929136e-06
pg013652,0,print_glossy,0.004927119
pg013653,0,replay_phone,0.24389441
pg013654,0,replay_monitor,0.08685123
pg013655,0,cutout_mask,0.0054430603
pg013656,1,live,0.56835485
pg013657,1,live,0.99193466
pg013658,1,live,0.98666304
pg013659,0,print_matte,0.00248756
pg013660,0,print_glossy,0.16817002
pg013661,0,replay_phone,0.042677876
pg013662,0,replay_monitor,0.014101463
pg013663,0,cutout_mask,0.058014404
pg013664,1,live,0.999183
pg013665,1,live,0.9977563
pg013666,1,live,0.98339224
pg013667,0,print_matte,2.8488748e-05
pg013668,0,print_glossy,0.7316681
pg013669,0,replay_phone,0.5000991
pg013671,0,cutout_mask,0.98622894
pg013672,1,live,0.2928594
pg013673,1,live,0.9941367
pg013674,1,live,0.94839257
pg013675,0,print_matte,0.0020794887
pg013676,0,print_glossy,0.5704302
pg013677,0,replay_phone,0.08705791
pg013678,0,replay_monitor,0.21678771
pg013679,0,cutout_mask,0.4406897
pg013800,1,live,0.99902
pg013801,1,live,0.9792514
pg013802,1,live,0.97616935
pg013803,0,print_matte,0.00036373117
pg013804,0,print_glossy,0.0040009907
pg013805,0,replay_phone,0.041280225
pg013806,0,replay_monitor,5.798667e-05
pg013807,0,cutout_mask,0.010859281
pg013808,1,live,0.90538186
pg013809,1,live,0.96751314
pg013810,1,live,0.99752754
pg013811,0,print_matte,0.0151240425
pg013812,0,print_glossy,0.5660377
pg013813,0,replay_phone,0.3613844
pg013814,0,replay_monitor,0.78477705
pg013815,0,cutout_mask,0.00027997704
pg013816,1,live,0.7281419
pg013817,1,live,0.2032457
pg013818,1,live,0.680763
pg013819,0,print_matte,0.00362742
pg013820,0,print_glossy,0.39810464
pg013821,0,replay_phone,0.5368184
pg013822,0,replay_monitor,0.09048292
pg013823,0,cutout_mask,4.6560457e-05
pg013824,1,live,0.87032306
pg013825,1,live,0.9933164
pg013826,1,live,0.9935812
pg013827,0,print_matte,0.0011482949
pg013828,0,print_glossy,0.004682018
pg013829,0,replay_phone,0.10263353
pg013830,0,replay_monitor,0.0002102452
pg013831,0,cutout_mask,0.0015950548
pg013832,1,live,0.93431675
pg013833,1,live,0.0052464237
pg013834,1,live,0.99962485
pg013835,0,print_matte,0.00081500795
pg013836,0,print_glossy,0.0032996016
pg013837,0,replay_phone,0.01974837
pg013838,0,replay_monitor,0.0070320102
pg013839,0,cutout_mask,0.0009747754
pg013840,1,live,0.9484989
pg013841,1,live,0.98505497
pg013842,1,live,0.99596053
pg013843,0,print_matte,0.0026314189
pg013844,0,print_glossy,0.0013494542
pg013845,0,replay_phone,0.03494591
pg013846,0,replay_monitor,0.0071539804
pg013847,0,cutout_mask,0.0010224384
pg013848,1,live,0.98915124
pg013849,1,live,0.99014634
pg013850,1,live,0.99515826
pg013851,0,print_matte,0.011826297
pg013852,0,print_glossy,6.691526e-05
pg013853,0,replay_phone,0.15546434
pg013854,0,replay_monitor,0.014748515
pg013855,0,cutout_mask,3.6670128e-06
pg013856,1,live,0.94000065
pg013857,1,live,0.6115629
pg013858,1,live,0.93850845
pg013859,0,print_matte,0.7078314
pg013860,0,print_glossy,7.706331e-05
pg013861,0,replay_phone,8.945714e-13
pg013862,0,replay_monitor,0.0034593162
pg013863,0,cutout_mask,0.0723175
pg013864,1,live,0.9979851
pg013865,1,live,0.997247
pg013866,1,live,0.9402706
pg013867,0,print_matte,0.0046489057
pg013868,0,print_glossy,0.69510674
pg013869,0,replay_phone,0.17223026
pg013870,0,replay_monitor,0.010250923
pg013871,0,cutout_mask,0.0048922654
pg013872,1,live,0.8564317
pg013873,1,live,0.32965958
pg013874,1,live,0.73162746
pg013875,0,print_matte,2.4173347e-05
pg013876,0,print_glossy,0.37037414
pg013877,0,replay_phone,0.5300872
pg013878,0,replay_monitor,0.0004521055
pg013879,0,cutout_mask,0.9780105
pg013880,1,live,0.9993795
pg013881,1,live,0.9055558
pg013882,1,live,0.085242346
pg013883,0,print_matte,0.01797289
pg013884,0,print_glossy,0.061316986
pg013885,0,replay_phone,0.37747636
pg013886,0,replay_monitor,0.30239823
pg013887,0,cutout_mask,0.5202491
pg013888,1,live,0.8399027
pg013889,1,live,0.050554194
pg013890,1,live,0.108790144
pg013891,0,print_matte,0.0030069065
pg013892,0,print_glossy,0.0024507619
pg013893,0,replay_phone,0.53847235
pg013894,0,replay_monitor,0.009717057
pg013895,0,cutout_mask,0.00082474767
pg013896,1,live,0.8073291
pg013897,1,live,0.80842257
pg013898,1,live,0.32321465
pg013899,0,print_matte,0.009498602
pg013900,0,print_glossy,0.0039867833
pg013901,0,replay_phone,0.051656306
pg013902,0,replay_monitor,3.1361244e-06
pg013903,0,cutout_mask,0.0034926378
pg013904,1,live,0.99523634
pg013905,1,live,0.29959095
pg013906,1,live,0.9976165
pg013907,0,print_matte,0.0132693425
pg013908,0,print_glossy,0.28934214
pg013909,0,replay_phone,0.0024247076
pg013910,0,replay_monitor,0.8268219
pg013911,0,cutout_mask,2.5945748e-05
pg013912,1,live,0.9876572
pg013913,1,live,0.9005329
pg013914,1,live,0.39300668
pg013915,0,print_matte,0.001167316
pg013916,0,print_glossy,0.54506224
pg013917,0,replay_phone,0.28632066
pg013918,0,replay_monitor,0.016483529
pg013919,0,cutout_mask,0.008017419
pg014160,1,live,0.40238243
pg014161,1,live,0.999665
pg014162,1,live,0.9784693
pg014163,0,print_matte,0.05664008
pg014164,0,print_glossy,0.0009569483
pg014165,0,replay_phone,0.9578872
pg014166,0,replay_monitor,0.02615065
pg014167,0,cutout_mask,0.024038294
pg014168,1,live,0.9983078
pg014169,1,live,0.96647894
pg014170,1,live,0.8508531
pg014171,0,print_matte,0.009184676
pg014172,0,print_glossy,0.066427164
pg014173,0,replay_phone,0.64747745
pg014174,0,replay_monitor,0.019875245
pg014175,0,cutout_mask,0.03237096
pg014176,1,live,0.9079529
pg014177,1,live,0.6325909
pg014178,1,live,0.9706232
pg014179,0,print_matte,0.113992155
pg014180,0,print_glossy,0.104544826
pg014181,0,replay_phone,0.18220256
pg014182,0,replay_monitor,0.0049448293
pg014183,0,cutout_mask,0.0009146442
pg014184,1,live,0.98505855
pg014185,1,live,0.40498844
pg014186,1,live,0.8245187
pg014187,0,print_matte,0.0304256
pg014188,0,print_glossy,0.12859567
pg014189,0,replay_phone,0.030886015
pg014191,0,cutout_mask,0.07217686
pg014192,1,live,0.9812665
pg014193,1,live,0.99891126
pg014194,1,live,0.91676444
pg014195,0,print_matte,0.0022377742
pg014196,0,print_glossy,0.015218506
pg014197,0,replay_phone,0.0015625622
pg014198,0,replay_monitor,0.016595263
pg014199,0,cutout_mask,0.000108275846
pg014200,1,live,0.95221114
pg014201,1,live,0.995118
pg014202,1,live,0.82501817
pg014203,0,print_matte,0.007913608
pg014204,0,print_glossy,0.29379383
pg014205,0,replay_phone,0.5277648
pg014206,0,replay_monitor,0.06427979
pg014207,0,cutout_mask,0.38036945
pg014208,1,live,0.84356385
pg014209,1,live,0.9065342
pg014210,1,live,0.99617755
pg014211,0,print_matte,9.111747e-07
pg014212,0,print_glossy,0.74820334
pg014213,0,replay_phone,0.00044018184
pg014214,0,replay_monitor,0.020283978
pg014215,0,cutout_mask,0.0014327221
pg014216,1,live,0.98965377
pg014217,1,live,0.9999167
pg014218,1,live,0.974744
pg014219,0,print_matte,0.0002645396
pg014220,0,print_glossy,0.000534503
pg014221,0,replay_phone,0.00038976452
pg014222,0,replay_monitor,0.29625475
pg014223,0,cutout_mask,0.019658605
pg014224,1,live,0.9989286
pg014225,1,live,0.7237264
pg014226,1,live,0.7836065
pg014227,0,print_matte,0.0054956167
pg014228,0,print_glossy,0.83594286
pg014229,0,replay_phone,0.38259017
pg014230,0,replay_monitor,1.0077727e-05
pg014231,0,cutout_mask,0.16260682
pg014232,1,live,0.46744254
pg014233,1,live,0.85349554
pg014234,1,live,0.85818
pg014235,0,print_matte,0.03248504
pg014236,0,print_glossy,0.26844296
pg014237,0,replay_phone,0.1825134
pg014238,0,replay_monitor,0.00025959348
pg014239,0,cutout_mask,0.6692793
pg014240,1,live,0.99795353
pg014241,1,live,0.99999166
pg014242,1,live,0.38332194
pg014243,0,print_matte,0.46954152
pg014244,0,print_glossy,0.5070997
pg014245,0,replay_phone,0.013490265
pg014246,0,replay_monitor,5.5689373e-09
pg014247,0,cutout_mask,0.077507205
pg014248,1,live,0.999652
pg014249,1,live,0.57512426
pg014250,1,live,0.96074635
pg014251,0,print_matte,0.0010793544
pg014252,0,print_glossy,0.0129129095
pg014253,0,replay_phone,0.40320098
pg014254,0,replay_monitor,5.233335e-06
pg014255,0,cutout_mask,0.012199177
pg014256,1,live,0.99934036
pg014257,1,live,0.9412089
pg014258,1,live,0.030602852
pg014259,0,print_matte,0.0053665554
pg014260,0,print_glossy,0.013494524
pg014261,0,replay_phone,0.05279902
pg014262,0,replay_monitor,3.0442396e-05
pg014263,0,cutout_mask,0.13518228
pg014264,1,live,0.9995066
pg014265,1,live,0.9994529
pg014266,1,live,0.99835014
pg014267,0,print_matte,0.02125368
pg014268,0,print_glossy,0.15553875
pg014269,0,replay_phone,0.4923878
pg014270,0,replay_monitor,1.3917418e-07
pg014271,0,cutout_mask,0.004111509
pg014272,1,live,0.9812563
pg014273,1,live,0.99789953
pg014274,1,live,0.99892503
pg014275,0,print_matte,0.0017828455
pg014276,0,print_glossy,0.00058942195
pg014277,0,replay_phone,0.108871475
pg014278,0,replay_monitor,1.4123395e-06
pg014279,0,cutout_mask,0.0058624144
pg015240,1,live,0.99679595
pg015241,1,live,0.9906583
pg015242,1,live,0.45616055
pg015243,0,print_matte,0.127006
pg015244,0,print_glossy,0.0001145038
pg015245,0,replay_phone,0.24808079
pg015246,0,replay_monitor,1.1636686e-06
pg015247,0,cutout_mask,0.710893
pg015248,1,live,0.99745995
pg015249,1,live,0.99944
pg015250,1,live,0.8455874
pg015251,0,print_matte,0.00021967001
pg015252,0,print_glossy,0.27457786
pg015253,0,replay_phone,0.0054472466
pg015254,0,replay_monitor,2.0366271e-05
pg015255,0,cutout_mask,0.01108762
pg015256,1,live,0.6938392
pg015257,1,live,0.9706906
pg015258,1,live,0.94206357
pg015259,0,print_matte,0.033977162
pg015260,0,print_glossy,0.26221997
pg015261,0,replay_phone,0.064411156
pg015262,0,replay_monitor,0.31964928
pg015263,0,cutout_mask,0.0010017782
pg015264,1,live,0.96772844
pg015265,1,live,0.016739365
pg015266,1,live,0.9855801
pg015267,0,print_matte,0.016659867
pg015268,0,print_glossy,0.52497274
pg015269,0,replay_phone,0.23112269
pg015270,0,replay_monitor,0.6168724
pg015271,0,cutout_mask,0.070705116
pg015272,1,live,0.99881256
pg015273,1,live,0.95213866
pg015274,1,live,0.9592119
pg015275,0,print_matte,0.12144114
pg015276,0,print_glossy,0.088529825
pg015277,0,replay_phone,0.12971246
pg015278,0,replay_monitor,0.00011817731
pg015279,0,cutout_mask,0.00031176163
pg015280,1,live,0.90309185
pg015281,1,live,0.9997656
pg015282,1,live,0.9828593
pg015283,0,print_matte,0.0681557
pg015284,0,print_glossy,0.8867125
pg015285,0,replay_phone,0.14077976
pg015286,0,replay_monitor,0.08421206
pg015287,0,cutout_mask,0.9736689
pg015288,1,live,0.54575515
pg015289,1,live,0.8868521
pg015290,1,live,0.98327905
pg015291,0,print_matte,0.05545415
pg015292,0,print_glossy,0.00056363695
pg015293,0,replay_phone,0.21689978
pg015294,0,replay_monitor,0.021010496
pg015295,0,cutout_mask,2.0926782e-05
pg015296,1,live,0.91370094
pg015297,1,live,0.9911412
pg015298,1,live,0.9999056
pg015299,0,print_matte,0.030817166
pg015300,0,print_glossy,0.052956715
pg015301,0,replay_phone,0.0017844645
pg015302,0,replay_monitor,5.2432613e-05
pg015303,0,cutout_mask,0.0028104791
pg015304,1,live,0.9997826
pg015305,1,live,0.9992786
pg015306,1,live,0.9856312
pg015307,0,print_matte,0.009214149
pg015308,0,print_glossy,0.85459137
pg015309,0,replay_phone,0.65114063
pg015310,0,replay_monitor,0.0072289743
pg015311,0,cutout_mask,0.0017771941
pg015312,1,live,0.99290377
pg015313,1,live,0.999833
pg015314,1,live,0.9981102
pg015315,0,print_matte,0.0021875594
pg015316,0,print_glossy,0.8525411
pg015317,0,replay_phone,0.40314883
pg015318,0,replay_monitor,0.018063517
pg015319,0,cutout_mask,0.686246
pg015320,1,live,0.032972123
pg015321,1,live,0.7680662
pg015322,1,live,0.82919735
pg015323,0,print_matte,0.010029575
pg015324,0,print_glossy,0.000685494
pg015325,0,replay_phone,0.017276457
pg015326,0,replay_monitor,6.5611034e-06
pg015327,0,cutout_mask,0.40671375
pg015328,1,live,0.9734047
pg015329,1,live,0.22557628
pg015330,1,live,0.01920705
pg015331,0,print_matte,0.20478623
pg015332,0,print_glossy,0.20624006
pg015333,0,replay_phone,0.0024660432
pg015334,0,replay_monitor,8.5619744e-05
pg015335,0,cutout_mask,0.8219263
pg015336,1,live,0.6136359
pg015337,1,live,0.5312842
pg015338,1,live,0.9988772
pg015339,0,print_matte,0.0005297281
pg015340,0,print_glossy,0.07381602
pg015341,0,replay_phone,0.0030989412
pg015342,0,replay_monitor,0.007405579
pg015343,0,cutout_mask,0.013055833
pg015344,1,live,0.99701273
pg015345,1,live,0.2766469
pg015346,1,live,0.9781903
pg015347,0,print_matte,0.87692934
pg015348,0,print_glossy,0.036124814
pg015349,0,replay_phone,0.7664247
pg015350,0,replay_monitor,0.038584586
pg015351,0,cutout_mask,0.30829072
pg015352,1,live,0.99457103
pg015353,1,live,0.9812137
pg015354,1,live,0.7174295
pg015355,0,print_matte,0.00022263001
pg015356,0,print_glossy,0.50675803
pg015357,0,replay_phone,0.03935083
pg015358,0,replay_monitor,1.0846212e-06
pg015359,0,cutout_mask,0.7410562
pg015480,1,live,0.17458075
pg015481,1,live,0.55009323
pg015482,1,live,0.95757985
pg015483,0,print_matte,0.018571535
pg015484,0,print_glossy,0.23360844
pg015485,0,replay_phone,0.025149861
pg015486,0,replay_monitor,0.013407966
pg015487,0,cutout_mask,0.017512444
pg015488,1,live,0.8949035
pg015489,1,live,0.84080786
pg015490,1,live,0.8923538
pg015491,0,print_matte,0.003974774
pg015492,0,print_glossy,0.0042049903
pg015493,0,replay_phone,0.0037995544
pg015494,0,replay_monitor,0.08317583
pg015495,0,cutout_mask,0.11377153
pg015496,1,live,0.94141835
pg015497,1,live,0.4323473
pg015498,1,live,0.9920032
pg015499,0,print_matte,0.0004012794
pg015500,0,print_glossy,0.25115716
pg015501,0,replay_phone,0.01612576
pg015502,0,replay_monitor,0.085039034
pg015503,0,cutout_mask,0.00730736
pg015504,1,live,0.9627914
pg015505,1,live,0.43895072
pg015506,1,live,0.9951952
pg015507,0,print_matte,0.0063691055
pg015508,0,print_glossy,0.12819366
pg015509,0,replay_phone,0.53583384
pg015510,0,replay_monitor,0.4472553
pg015511,0,cutout_mask,0.44493917
pg015512,1,live,0.035854552
pg015513,1,live,0.99894756
pg015514,1,live,0.9401176
pg015515,0,print_matte,0.0028660437
pg015516,0,print_glossy,0.044715147
pg015517,0,replay_phone,0.062933706
pg015518,0,replay_monitor,0.001305307
pg015519,0,cutout_mask,0.998109
pg015520,1,live,0.49166232
pg015521,1,live,0.99966085
pg015522,1,live,0.9973658
pg015523,0,print_matte,0.00015688554
pg015524,0,print_glossy,0.002086115
pg015525,0,replay_phone,0.00022477827
pg015526,0,replay_monitor,4.699261e-05
pg015527,0,cutout_mask,0.021081466
pg015528,1,live,0.75086963
pg015529,1,live,0.9999361
pg015530,1,live,0.37945375
pg015531,0,print_matte,5.6949184e-06
pg015532,0,print_glossy,0.33856356
pg015533,0,replay_phone,0.85706365
pg015534,0,replay_monitor,0.26845846
pg015535,0,cutout_mask,0.003962598
pg015536,1,live,0.78985393
pg015537,1,live,0.9443252
pg015538,1,live,0.051214345
pg015539,0,print_matte,0.00040461146
pg015540,0,print_glossy,0.0013776446
pg015541,0,replay_phone,0.015220522
pg015542,0,replay_monitor,0.018379055
pg015543,0,cutout_mask,0.028473366
pg015544,1,live,0.9998623
pg015545,1,live,0.9414551
pg015546,1,live,0.99909794
pg015547,0,print_matte,0.0066737314
pg015548,0,print_glossy,0.12045081
pg015549,0,replay_phone,0.027333265
pg015550,0,replay_monitor,0.106199935
pg015551,0,cutout_mask,0.00093195343
pg015552,1,live,0.021713553
pg015553,1,live,0.97182155
pg015554,1,live,0.9955605
pg015555,0,print_matte,0.049229734
pg015556,0,print_glossy,0.0010424952
pg015557,0,replay_phone,0.0006386857
pg015558,0,replay_monitor,0.0034093831
pg015559,0,cutout_mask,0.5179711
pg015560,1,live,0.9699089
pg015561,1,live,0.96595466
pg015562,1,live,0.689584
pg015563,0,print_matte,0.003734611
pg015564,0,print_glossy,0.1453019
pg015565,0,replay_phone,0.025126508
pg015566,0,replay_monitor,0.789247
pg015567,0,cutout_mask,0.77496225
pg015568,1,live,0.9941381
pg015569,1,live,0.99659973
pg015570,1,live,0.987777
pg015571,0,print_matte,0.57129455
pg015572,0,print_glossy,0.0034938678
pg015573,0,replay_phone,0.76994616
pg015574,0,replay_monitor,0.17560767
pg015575,0,cutout_mask,0.83096284
pg015576,1,live,0.97944576
pg015577,1,live,0.99887246
pg015578,1,live,0.3637834
pg015579,0,print_matte,0.019434081
pg015580,0,print_glossy,0.022279803
pg015581,0,replay_phone,0.05714622
pg015582,0,replay_monitor,0.24507645
pg015583,0,cutout_mask,0.037608843
pg015584,1,live,0.051295582
pg015585,1,live,0.99565166
pg015586,1,live,0.06647912
pg015587,0,print_matte,0.17994112
pg015588,0,print_glossy,0.472366
pg015589,0,replay_phone,0.06764097
pg015590,0,replay_monitor,0.49355856
pg015591,0,cutout_mask,0.014455024
pg015592,1,live,0.45567814
pg015593,1,live,0.36725777
pg015594,1,live,0.99983215
pg015595,0,print_matte,0.0024933622
pg015596,0,print_glossy,0.0005574586
pg015597,0,replay_phone,0.71056324
pg015598,0,replay_monitor,0.020637698
pg015599,0,cutout_mask,0.0036876516
pg015840,1,live,0.99545175
pg015841,1,live,0.9943475
pg015842,1,live,0.93746465
pg015843,0,print_matte,0.022910198
pg015844,0,print_glossy,0.77330697
pg015845,0,replay_phone,0.7873799
pg015846,0,replay_monitor,0.9859139
pg015847,0,cutout_mask,0.0002241354
pg015848,1,live,0.9987866
pg015849,1,live,0.99953187
pg015850,1,live,0.99214727
pg015851,0,print_matte,0.027495503
pg015852,0,print_glossy,0.014087423
pg015853,0,replay_phone,0.09558223
pg015854,0,replay_monitor,5.471279e-05
pg015855,0,cutout_mask,6.4963942e-06
pg015856,1,live,0.43673956
pg015857,1,live,0.99286157
pg015858,1,live,0.98510516
pg015859,0,print_matte,0.0054855477
pg015860,0,print_glossy,0.87589955
pg015861,0,replay_phone,0.026529478
pg015862,0,replay_monitor,0.03305472
pg015863,0,cutout_mask,0.008399356
pg015864,1,live,0.9968629
pg015865,1,live,0.34482425
pg015866,1,live,0.94257176
pg015867,0,print_matte,0.0018460855
pg015868,0,print_glossy,0.16624148
pg015869,0,replay_phone,0.29369792
pg015870,0,replay_monitor,0.0011866366
pg015871,0,cutout_mask,0.003514017
pg015872,1,live,0.90659076
pg015873,1,live,0.99698204
pg015874,1,live,0.9927192
pg015875,0,print_matte,0.0027466763
pg015876,0,print_glossy,0.78302616
pg015877,0,replay_phone,0.90628487
pg015878,0,replay_monitor,1.5198752e-16
pg015879,0,cutout_mask,0.38668028
pg015880,1,live,0.9979346
pg015881,1,live,0.9032363
pg015882,1,live,0.99998415
pg015883,0,print_matte,0.10005486
pg015884,0,print_glossy,0.26988828
pg015885,0,replay_phone,0.059755806
pg015886,0,replay_monitor,1.4996098e-06
pg015887,0,cutout_mask,0.6128762
pg015888,1,live,0.9958319
pg015889,1,live,0.9999924
pg015890,1,live,0.9706953
pg015891,0,print_matte,7.537209e-05
pg015892,0,print_glossy,0.001035439
pg015893,0,replay_phone,0.031645432
pg015894,0,replay_monitor,0.0009335277
pg015895,0,cutout_mask,0.07408385
pg015896,1,live,0.07398593
pg015897,1,live,0.72835904
pg015898,1,live,0.36161962
pg015899,0,print_matte,0.00075629266
pg015900,0,print_glossy,0.030150313
pg015901,0,replay_phone,0.03047409
pg015902,0,replay_monitor,0.005203606
pg015903,0,cutout_mask,0.00045555923
pg015904,1,live,0.9766193
pg015905,1,live,0.93876827
pg015906,1,live,0.9919618
pg015907,0,print_matte,0.009394152
pg015908,0,print_glossy,0.00048408963
pg015909,0,replay_phone,0.15308855
pg015910,0,replay_monitor,1.7645249e-05
pg015911,0,cutout_mask,0.0009326813
pg015912,1,live,0.9539321
pg015913,1,live,0.95663357
pg015914,1,live,0.9024722
pg015915,0,print_matte,0.021564255
pg015916,0,print_glossy,0.52990425
pg015917,0,replay_phone,0.00011139923
pg015918,0,replay_monitor,0.037909903
pg015919,0,cutout_mask,0.0040158415
pg015920,1,live,0.7437843
pg015921,1,live,0.94440186
pg015922,1,live,0.53643996
pg015923,0,print_matte,0.029945659
pg015924,0,print_glossy,0.7177725
pg015925,0,replay_phone,0.00019631175
pg015926,0,replay_monitor,0.13690998
pg015927,0,cutout_mask,0.9592183
pg015928,1,live,0.4524503
pg015929,1,live,0.95549244
pg015930,1,live,0.9747229
pg015931,0,print_matte,0.19516134
pg015932,0,print_glossy,0.18042476
pg015933,0,replay_phone,0.51094383
pg015934,0,replay_monitor,0.015088946
pg015935,0,cutout_mask,0.00050592655
pg015936,1,live,0.022309877
pg015937,1,live,0.98180205
pg015938,1,live,0.010865916
pg015939,0,print_matte,0.0007372406
pg015940,0,print_glossy,0.09217806
pg015941,0,replay_phone,0.0021965716
pg015942,0,replay_monitor,7.229287e-05
pg015943,0,cutout_mask,0.0034163212
pg015944,1,live,0.9962774
pg015945,1,live,0.5860544
pg015946,1,live,0.8482419
pg015947,0,print_matte,0.014517709
pg015948,0,print_glossy,0.14866559
pg015949,0,replay_phone,0.044894274
pg015950,0,replay_monitor,2.3513728e-08
pg015951,0,cutout_mask,0.6480012
pg015952,1,live,0.92047936
pg015953,1,live,0.9996979
pg015954,1,live,0.24821186
pg015955,0,print_matte,0.09038846
pg015956,0,print_glossy,0.064584285
pg015957,0,replay_phone,0.64393944
pg015958,0,replay_monitor,0.01495781
pg015959,0,cutout_mask,0.003028837
pg016680,1,live,0.96104676
pg016681,1,live,0.8951385
pg016682,1,live,0.81473005
pg016683,0,print_matte,0.008445044
pg016684,0,print_glossy,0.046832174
pg016685,0,replay_phone,0.6849267
pg016686,0,replay_monitor,0.00049366074
pg016687,0,cutout_mask,0.30741274
pg016688,1,live,0.23731697
pg016689,1,live,0.9778876
pg016690,1,live,0.9446255
pg016691,0,print_matte,0.017564652
pg016692,0,print_glossy,0.6250218
pg016693,0,replay_phone,0.8366095
pg016694,0,replay_monitor,0.751397
pg016695,0,cutout_mask,0.0880298
pg016696,1,live,0.9911651
pg016697,1,live,0.90714556
pg016698,1,live,0.992365
pg016699,0,print_matte,0.0036616207
pg016700,0,print_glossy,0.008401648
pg016701,0,replay_phone,0.006640339
pg016702,0,replay_monitor,0.040643748
pg016703,0,cutout_mask,0.07373501
pg016704,1,live,0.91657376
pg016705,1,live,0.8236859
pg016706,1,live,0.99283046
pg016707,0,print_matte,0.02585119
pg016708,0,print_glossy,0.30960432
pg016709,0,replay_phone,0.8722311
pg016710,0,replay_monitor,0.032139737
pg016711,0,cutout_mask,0.008217357
pg016712,1,live,0.15179147
pg016713,1,live,0.90312266
pg016714,1,live,0.99949956
pg016715,0,print_matte,0.015436311
pg016716,0,print_glossy,0.99371463
pg016717,0,replay_phone,0.061125983
pg016718,0,replay_monitor,1.5277412e-05
pg016719,0,cutout_mask,0.0009909387
pg016720,1,live,0.99985516
pg016721,1,live,0.99988806
pg016722,1,live,0.99001336
pg016723,0,print_matte,0.031698246
pg016724,0,print_glossy,0.8159569
pg016725,0,replay_phone,0.048081435
pg016726,0,replay_monitor,0.07461993
pg016727,0,cutout_mask,0.0013432354
pg016728,1,live,0.9838716
pg016729,1,live,0.99994266
pg016730,1,live,0.93744576
pg016731,0,print_matte,0.044436816
pg016732,0,print_glossy,0.35804212
pg016733,0,replay_phone,0.9212888
pg016734,0,replay_monitor,0.93932056
pg016735,0,cutout_mask,0.84099215
pg016736,1,live,0.9956638
pg016737,1,live,0.99114156
pg016738,1,live,0.9819074
pg016739,0,print_matte,0.08338383
pg016740,0,print_glossy,0.3911029
pg016741,0,replay_phone,0.018624295
pg016742,0,replay_monitor,0.028613586
pg016743,0,cutout_mask,0.84343636
pg016744,1,live,0.9980623
pg016745,1,live,0.040983938
pg016746,1,live,0.99974257
pg016747,0,print_matte,0.0001199117
pg016748,0,print_glossy,0.27454954
pg016749,0,replay_phone,0.117872216
pg016750,0,replay_monitor,0.027992805
pg016751,0,cutout_mask,0.010982456
pg016752,1,live,0.5698108
pg016753,1,live,0.9906777
pg016754,1,live,0.9999243
pg016755,0,print_matte,0.27692053
pg016756,0,print_glossy,0.0032556728
pg016757,0,replay_phone,0.008748576
pg016758,0,replay_monitor,0.009018639
pg016759,0,cutout_mask,0.0063471207
pg016760,1,live,0.9140732
pg016761,1,live,0.1005499
pg016762,1,live,0.8722707
pg016763,0,print_matte,0.02322233
pg016764,0,print_glossy,0.0038156575
pg016765,0,replay_phone,0.010200669
pg016766,0,replay_monitor,0.98795974
pg016767,0,cutout_mask,0.6486827
pg016768,1,live,0.42397472
pg016769,1,live,0.69651353
pg016770,1,live,0.9031851
pg016771,0,print_matte,0.39783195
pg016772,0,print_glossy,0.010629268
pg016773,0,replay_phone,0.12680021
pg016774,0,replay_monitor,0.014454793
pg016775,0,cutout_mask,0.0025579701
pg016777,1,live,0.68025273
pg016778,1,live,0.87569225
pg016779,0,print_matte,0.06276855
pg016780,0,print_glossy,0.018812913
pg016781,0,replay_phone,0.9415774
pg016782,0,replay_monitor,0.95654565
pg016783,0,cutout_mask,0.09765584
pg016784,1,live,0.9984634
pg016785,1,live,0.94584304
pg016786,1,live,0.7311965
pg016787,0,print_matte,0.98400426
pg016788,0,print_glossy,0.9955291
pg016789,0,replay_phone,0.19930826
pg016790,0,replay_monitor,0.0015333206
pg016791,0,cutout_mask,0.0052946373
pg016792,1,live,0.031302784
pg016793,1,live,0.081067175
pg016794,1,live,0.6541743
pg016795,0,print_matte,0.011798818
pg016796,0,print_glossy,0.032057416
pg016797,0,replay_phone,0.003509482
pg016798,0,replay_monitor,0.12760557
pg016799,0,cutout_mask,0.0033977053
pg017880,1,live,0.9920615
pg017881,1,live,0.9135706
pg017882,1,live,0.9876139
pg017883,0,print_matte,0.028866187
pg017884,0,print_glossy,0.22285433
pg017885,0,replay_phone,0.51105005
pg017886,0,replay_monitor,0.11988719
pg017887,0,cutout_mask,0.0020935645
pg017888,1,live,0.62494725
pg017889,1,live,0.93530434
pg017890,1,live,0.9906503
pg017891,0,print_matte,0.018841378
pg017892,0,print_glossy,0.018315002
pg017893,0,replay_phone,0.2839298
pg017894,0,replay_monitor,0.7778166
pg017895,0,cutout_mask,0.000496879
pg017896,1,live,0.9133406
pg017897,1,live,0.9478982
pg017898,1,live,0.89693403
pg017899,0,print_matte,0.059140127
pg017900,0,print_glossy,0.0016088922
pg017901,0,replay_phone,0.04101794
pg017902,0,replay_monitor,0.10010624
pg017903,0,cutout_mask,0.64167887
pg017904,1,live,0.97897506
pg017905,1,live,0.9712739
pg017906,1,live,0.9985958
pg017907,0,print_matte,0.10894748
pg017908,0,print_glossy,0.2861441
pg017909,0,replay_phone,0.3797093
pg017910,0,replay_monitor,1.2675169e-09
pg017911,0,cutout_mask,0.009431896
pg017912,1,live,0.9512573
pg017913,1,live,0.87298936
pg017914,1,live,0.9697356
pg017915,0,print_matte,0.24347198
pg017916,0,print_glossy,0.054361373
pg017917,0,replay_phone,0.01639342
pg017918,0,replay_monitor,0.4347677
pg017919,0,cutout_mask,0.06863223
pg017920,1,live,0.72024703
pg017921,1,live,0.8971142
pg017922,1,live,0.94602585
pg017923,0,print_matte,0.203701
pg017924,0,print_glossy,0.050174
pg017925,0,replay_phone,0.210337
pg017926,0,replay_monitor,0.013531213
pg017927,0,cutout_mask,0.0025851622
pg017928,1,live,0.81623757
pg017929,1,live,0.79044557
pg017930,1,live,0.9560139
pg017931,0,print_matte,0.03223479
pg017932,0,print_glossy,0.033844393
pg017933,0,replay_phone,0.56333524
pg017934,0,replay_monitor,0.01471543
pg017935,0,cutout_mask,0.16397448
pg017936,1,live,0.97861207
pg017937,1,live,0.9994622
pg017938,1,live,0.17706536
pg017939,0,print_matte,0.0014556845
pg017940,0,print_glossy,0.015667811
pg017941,0,replay_phone,0.15574059
pg017942,0,replay_monitor,0.011146168
pg017943,0,cutout_mask,0.00092530815
pg017944,1,live,0.98595387
pg017945,1,live,0.9919087
pg017946,1,live,0.9983328
pg017947,0,print_matte,0.0021096196
pg017948,0,print_glossy,0.014549336
pg017949,0,replay_phone,0.0003477671
pg017950,0,replay_monitor,0.06820705
pg017951,0,cutout_mask,0.036898356
pg017952,1,live,0.11996403
pg017953,1,live,0.91309905
pg017954,1,live,0.9979461
pg017955,0,print_matte,0.008091935
pg017956,0,print_glossy,0.014830959
pg017957,0,replay_phone,0.01331596
pg017958,0,replay_monitor,0.24178791
pg017959,0,cutout_mask,0.72173834
pg017960,1,live,0.87627405
pg017961,1,live,0.90211403
pg017962,1,live,0.99380577
pg017963,0,print_matte,0.0058714557
pg017964,0,print_glossy,0.18964033
pg017965,0,replay_phone,0.091665424
pg017966,0,replay_monitor,0.0005951245
pg017967,0,cutout_mask,0.0026659793
pg017968,1,live,0.614394
pg017969,1,live,0.2760088
pg017970,1,live,0.9926024
pg017971,0,print_matte,0.009716076
pg017972,0,print_glossy,0.2813119
pg017973,0,replay_phone,0.100519136
pg017974,0,replay_monitor,3.4112659e-06
pg017975,0,cutout_mask,0.00040750764
pg017976,1,live,0.06913461
pg017977,1,live,0.009780624
pg017978,1,live,0.014995227
pg017979,0,print_matte,0.0021372247
pg017980,0,print_glossy,0.18452199
pg017981,0,replay_phone,3.234e-05
pg017982,0,replay_monitor,0.00024143621
pg017983,0,cutout_mask,4.047984e-05
pg017984,1,live,0.9955049
pg017985,1,live,0.992879
pg017986,1,live,0.69553316
pg017987,0,print_matte,0.029889513
pg017988,0,print_glossy,0.108761966
pg017989,0,replay_phone,0.098654136
pg017990,0,replay_monitor,1.8958335e-10
pg017991,0,cutout_mask,0.29452875
pg017992,1,live,0.10447859
pg017993,1,live,0.97762793
pg017994,1,live,0.8173232
pg017995,0,print_matte,0.028251408
pg017996,0,print_glossy,0.050264087
pg017997,0,replay_phone,0.43970004
pg017998,0,replay_monitor,0.48660553
pg017999,0,cutout_mask,0.9893658
pg018720,1,live,0.0094150305
pg018721,1,live,0.9804584
pg018722,1,live,0.5559744
pg018723,0,print_matte,6.7903966e-05
pg018724,0,print_glossy,0.06663319
pg018725,0,replay_phone,0.00052218797
pg018726,0,replay_monitor,1.9488402e-07
pg018727,0,cutout_mask,0.0015802854
pg018728,1,live,0.9757613
pg018729,1,live,0.99328965
pg018730,1,live,0.95507705
pg018731,0,print_matte,0.015213663
pg018732,0,print_glossy,0.4011837
pg018733,0,replay_phone,0.20071502
pg018734,0,replay_monitor,0.005853201
pg018735,0,cutout_mask,0.1211131
pg018736,1,live,0.73917574
pg018737,1,live,0.31430623
pg018738,1,live,0.8374617
pg018739,0,print_matte,5.7528414e-05
pg018740,0,print_glossy,0.07437874
pg018741,0,replay_phone,0.0017573844
pg018742,0,replay_monitor,0.11457221
pg018743,0,cutout_mask,0.101831436
pg018744,1,live,0.1562493
pg018745,1,live,0.74654484
pg018746,1,live,0.7086609
pg018747,0,print_matte,0.049819678
pg018748,0,print_glossy,0.07654628
pg018749,0,replay_phone,0.57476336
pg018750,0,replay_monitor,0.0010664978
pg018751,0,cutout_mask,0.02558069
pg018752,1,live,0.21524476
pg018753,1,live,0.9660651
pg018754,1,live,0.9442526
pg018755,0,print_matte,0.0032061555
pg018756,0,print_glossy,0.96061987
pg018757,0,replay_phone,0.5083898
pg018758,0,replay_monitor,0.24386773
pg018759,0,cutout_mask,0.089095525
pg018760,1,live,0.9674547
pg018761,1,live,0.9886459
pg018762,1,live,0.9866519
pg018763,0,print_matte,0.011400778
pg018764,0,print_glossy,0.0011095221
pg018765,0,replay_phone,0.0021221803
pg018766,0,replay_monitor,0.0017910796
pg018767,0,cutout_mask,0.5835414
pg018768,1,live,0.9168047
pg018769,1,live,0.9875737
pg018770,1,live,3.1463962e-05
pg018771,0,print_matte,0.00087437936
pg018772,0,print_glossy,0.109948464
pg018773,0,replay_phone,0.12147068
pg018774,0,replay_monitor,0.0011283057
pg018775,0,cutout_mask,0.6491001
pg018776,1,live,0.4769601
pg018777,1,live,0.16416796
pg018778,1,live,0.9951349
pg018779,0,print_matte,0.0041459505
pg018780,0,print_glossy,4.902272e-05
pg018781,0,replay_phone,0.011498542
pg018782,0,replay_monitor,0.015345097
pg018783,0,cutout_mask,0.0038871346
pg018784,1,live,0.91081136
pg018785,1,live,0.9966041
pg018786,1,live,0.4278689
pg018787,0,print_matte,0.025909869
pg018788,0,print_glossy,0.024939025
pg018789,0,replay_phone,0.5712238
pg018790,0,replay_monitor,4.016357e-11
pg018791,0,cutout_mask,0.0008699968
pg018792,1,live,0.9985122
pg018793,1,live,0.68986535
pg018794,1,live,0.94886917
pg018795,0,print_matte,0.00080524065
pg018796,0,print_glossy,7.289473e-06
pg018797,0,replay_phone,0.004639291
pg018799,0,cutout_mask,0.7925295
pg018800,1,live,0.2771736
pg018801,1,live,0.9605115
pg018802,1,live,0.6273819
pg018803,0,print_matte,0.43492496
pg018804,0,print_glossy,0.28684247
pg018805,0,replay_phone,0.13657029
pg018806,0,replay_monitor,1.8525636e-05
pg018807,0,cutout_mask,0.22887701
pg018808,1,live,0.025445653
pg018809,1,live,0.97056514
pg018810,1,live,0.010853756
pg018811,0,print_matte,0.04585172
pg018812,0,print_glossy,0.013110944
pg018813,0,replay_phone,0.0014226184
pg018814,0,replay_monitor,0.16219708
pg018815,0,cutout_mask,0.0017423865
pg018816,1,live,0.09424574
pg018817,1,live,0.14007875
pg018818,1,live,0.51686376
pg018819,0,print_matte,0.13488626
pg018820,0,print_glossy,0.007907288
pg018821,0,replay_phone,0.007504925
pg018822,0,replay_monitor,5.927193e-05
pg018823,0,cutout_mask,0.0018677278
pg018824,1,live,0.86890346
pg018825,1,live,0.43940884
pg018826,1,live,0.5017028
pg018827,0,print_matte,0.38101074
pg018828,0,print_glossy,0.10545207
pg018829,0,replay_phone,0.4210896
pg018830,0,replay_monitor,0.5336954
pg018831,0,cutout_mask,9.578924e-05
pg018832,1,live,0.51958025
pg018833,1,live,0.9928415
pg018834,1,live,0.9499725
pg018835,0,print_matte,0.0065030777
pg018836,0,print_glossy,0.030728837
pg018837,0,replay_phone,0.55607533
pg018838,0,replay_monitor,0.60159475
pg018839,0,cutout_mask,0.122238666
pg019440,1,live,0.98861873
pg019441,1,live,0.99697566
pg019442,1,live,0.9202583
pg019443,0,print_matte,0.008106569
pg019444,0,print_glossy,0.0043204115
pg019445,0,replay_phone,6.317942e-05
pg019446,0,replay_monitor,0.008177779
pg019447,0,cutout_mask,0.048299123
pg019448,1,live,0.54366755
pg019449,1,live,0.9799487
pg019450,1,live,0.976324
pg019451,0,print_matte,0.08703124
pg019452,0,print_glossy,0.013166683
pg019453,0,replay_phone,0.03566282
pg019454,0,replay_monitor,0.0018740579
pg019455,0,cutout_mask,0.0018464143
pg019456,1,live,0.28499043
pg019457,1,live,0.95162517
pg019458,1,live,0.35171878
pg019459,0,print_matte,0.10069688
pg019460,0,print_glossy,0.002722773
pg019461,0,replay_phone,0.0029304258
pg019462,0,replay_monitor,0.00041940974
pg019463,0,cutout_mask,0.32090136
pg019464,1,live,0.95847917
pg019465,1,live,0.99704355
pg019466,1,live,0.8481425
pg019467,0,print_matte,0.0014703568
pg019468,0,print_glossy,0.95666564
pg019469,0,replay_phone,0.0004191759
pg019471,0,cutout_mask,0.00045171112
pg019472,1,live,0.98163956
pg019473,1,live,0.9978956
pg019474,1,live,0.9673931
pg019475,0,print_matte,0.03942335
pg019476,0,print_glossy,0.1974182
pg019477,0,replay_phone,0.46029887
pg019478,0,replay_monitor,0.8044927
pg019479,0,cutout_mask,9.512266e-05
pg019480,1,live,0.99899775
pg019481,1,live,0.042377446
pg019482,1,live,0.9499591
pg019483,0,print_matte,0.0071973577
pg019484,0,print_glossy,0.18605644
pg019485,0,replay_phone,0.18636541
pg019486,0,replay_monitor,0.0039355173
pg019487,0,cutout_mask,0.69071996
pg019488,1,live,0.90138483
pg019489,1,live,0.99412525
pg019490,1,live,0.9753068
pg019491,0,print_matte,0.09908235
pg019492,0,print_glossy,0.01746386
pg019493,0,replay_phone,0.39839515
pg019494,0,replay_monitor,9.153824e-07
pg019495,0,cutout_mask,0.0004802231
pg019496,1,live,0.9998343
pg019498,1,live,0.9983596
pg019499,0,print_matte,0.019904764
pg019500,0,print_glossy,0.017213084
pg019501,0,replay_phone,0.24070673
pg019502,0,replay_monitor,0.0001314914
pg019503,0,cutout_mask,0.096564114
pg019504,1,live,0.54602975
pg019505,1,live,0.9980819
pg019506,1,live,0.9706255
pg019507,0,print_matte,0.0034554047
pg019508,0,print_glossy,0.5563618
pg019509,0,replay_phone,0.01730637
pg019510,0,replay_monitor,0.7530029
pg019511,0,cutout_mask,0.0086609805
pg019512,1,live,0.99897134
pg019513,1,live,0.8030272
pg019514,1,live,0.2968051
pg019516,0,print_glossy,0.13919798
pg019517,0,replay_phone,0.16219124
pg019518,0,replay_monitor,0.8062747
pg019519,0,cutout_mask,0.09938704
pg019520,1,live,0.99133307
pg019521,1,live,0.72278506
pg019522,1,live,0.1698496
pg019523,0,print_matte,0.013137884
pg019524,0,print_glossy,0.21135868
pg019525,0,replay_phone,0.9522942
pg019526,0,replay_monitor,5.871464e-07
pg019527,0,cutout_mask,0.014721737
pg019528,1,live,0.93646216
pg019529,1,live,0.7789984
pg019530,1,live,0.99855405
pg019531,0,print_matte,0.00614661
pg019532,0,print_glossy,0.46312928
pg019533,0,replay_phone,0.21297887
pg019534,0,replay_monitor,0.0034704152
pg019535,0,cutout_mask,0.0012396276
pg019536,1,live,0.9982614
pg019537,1,live,0.73131996
pg019538,1,live,0.41906255
pg019539,0,print_matte,0.006972196
pg019540,0,print_glossy,0.16283974
pg019541,0,replay_phone,0.80744576
pg019542,0,replay_monitor,0.042250782
pg019543,0,cutout_mask,0.0019970967
pg019544,1,live,0.83633256
pg019545,1,live,0.9969311
pg019546,1,live,0.9939022
pg019547,0,print_matte,0.005549499
pg019548,0,print_glossy,0.044827584
pg019549,0,replay_phone,0.039442908
pg019550,0,replay_monitor,0.6762416
pg019551,0,cutout_mask,0.0042164167
pg019552,1,live,0.98496914
pg019553,1,live,0.8727709
pg019554,1,live,0.8834369
pg019555,0,print_matte,0.37411907
pg019556,0,print_glossy,0.1129551
pg019557,0,replay_phone,0.039672088
pg019558,0,replay_monitor,7.471649e-08
pg019559,0,cutout_mask,0.039360102
pg022080,1,live,0.9956715
pg022081,1,live,0.41094947
pg022082,1,live,0.96215045
pg022083,0,print_matte,0.00061925914
pg022084,0,print_glossy,0.085804045
pg022085,0,replay_phone,0.037316
pg022086,0,replay_monitor,0.10684062
pg022087,0,cutout_mask,0.0016111595
pg022088,1,live,0.99113256
pg022089,1,live,0.98135996
pg022090,1,live,0.95984304
pg022091,0,print_matte,0.10149961
pg022092,0,print_glossy,0.7157639
pg022093,0,replay_phone,0.85607046
pg022094,0,replay_monitor,0.024478676
pg022095,0,cutout_mask,0.80033904
pg022096,1,live,0.90274626
pg022097,1,live,0.5519798
pg022098,1,live,0.6576212
pg022099,0,print_matte,0.0007449303
pg022100,0,print_glossy,0.6490982
pg022101,0,replay_phone,0.5150334
pg022102,0,replay_monitor,0.0008589595
pg022103,0,cutout_mask,0.5567056
pg022104,1,live,0.989155
pg022105,1,live,0.98768276
pg022106,1,live,0.99455416
pg022107,0,print_matte,0.86390835
pg022108,0,print_glossy,0.00030915934
pg022109,0,replay_phone,0.13295056
pg022110,0,replay_monitor,9.3309245e-05
pg022111,0,cutout_mask,0.45352578
pg022112,1,live,0.8838066
pg022113,1,live,0.7476319
pg022114,1,live,0.9284355
pg022115,0,print_matte,0.0046168636
pg022116,0,print_glossy,0.051221505
pg022117,0,replay_phone,0.006011426
pg022118,0,replay_monitor,0.0041620876
pg022119,0,cutout_mask,2.342047e-05
pg022120,1,live,0.9994025
pg022121,1,live,0.98117673
pg022122,1,live,0.9999343
pg022123,0,print_matte,2.0412006e-05
pg022124,0,print_glossy,0.0009841791
pg022125,0,replay_phone,0.006056853
pg022126,0,replay_monitor,0.9782698
pg022127,0,cutout_mask,0.014773686
pg022128,1,live,0.98204905
pg022129,1,live,0.9642094
pg022130,1,live,0.9991584
pg022131,0,print_matte,0.026796725
pg022132,0,print_glossy,0.019581776
pg022133,0,replay_phone,0.05475504
pg022134,0,replay_monitor,0.113973446
pg022135,0,cutout_mask,0.0101598175
pg022136,1,live,0.85845566
pg022137,1,live,0.9181164
pg022138,1,live,0.9181213
pg022139,0,print_matte,0.08875861
pg022140,0,print_glossy,0.95609725
pg022141,0,replay_phone,0.00064885325
pg022142,0,replay_monitor,4.3990527e-05
pg022143,0,cutout_mask,0.0007243983
pg022144,1,live,0.0910712
pg022145,1,live,0.5584058
pg022146,1,live,0.99983275
pg022147,0,print_matte,0.0066021476
pg022148,0,print_glossy,0.07431053
pg022149,0,replay_phone,0.54152757
pg022150,0,replay_monitor,0.0063979956
pg022151,0,cutout_mask,0.0027626192
pg022152,1,live,0.22182569
pg022153,1,live,0.9965628
pg022154,1,live,0.99908376
pg022155,0,print_matte,0.0005931805
pg022156,0,print_glossy,0.0051159034
pg022157,0,replay_phone,0.110266574
pg022159,0,cutout_mask,0.0069766776
pg022160,1,live,0.9967501
pg022161,1,live,0.5732417
pg022162,1,live,0.9951357
pg022163,0,print_matte,0.016514635
pg022164,0,print_glossy,0.006648805
pg022165,0,replay_phone,0.94669974
pg022166,0,replay_monitor,0.0039124927
pg022167,0,cutout_mask,0.028287768
pg022168,1,live,0.9400866
pg022169,1,live,0.9995777
pg022170,1,live,0.9999175
pg022171,0,print_matte,0.00020788368
pg022172,0,print_glossy,0.490335
pg022173,0,replay_phone,0.03046268
pg022174,0,replay_monitor,0.01828119
pg022175,0,cutout_mask,0.04164505
pg022176,1,live,0.94877154
pg022177,1,live,0.9982449
pg022178,1,live,0.98521686
pg022179,0,print_matte,0.00050135894
pg022180,0,print_glossy,0.31122184
pg022181,0,replay_phone,0.106089294
pg022182,0,replay_monitor,0.1793928
pg022183,0,cutout_mask,0.0701205
pg022184,1,live,0.9986558
pg022185,1,live,0.019553728
pg022186,1,live,0.17409946
pg022187,0,print_matte,0.018209323
pg022188,0,print_glossy,0.015734991
pg022189,0,replay_phone,0.25085166
pg022190,0,replay_monitor,0.9218113
pg022191,0,cutout_mask,0.020058058
pg022192,1,live,0.88643265
pg022193,1,live,0.99931836
pg022194,1,live,0.99286556
pg022195,0,print_matte,0.0054537393
pg022196,0,print_glossy,0.1948921
pg022197,0,replay_phone,0.7732142
pg022198,0,replay_monitor,3.1557731e-10
pg022199,0,cutout_mask,0.000676338
pg022200,1,live,0.76991415
pg022201,1,live,0.9886728
pg022202,1,live,0.99997103
pg022203,0,print_matte,0.13732548
pg022204,0,print_glossy,0.005191784
pg022205,0,replay_phone,0.0025606637
pg022206,0,replay_monitor,0.14556636
pg022207,0,cutout_mask,0.7504182
pg022208,1,live,0.99300355
pg022209,1,live,0.99797946
pg022210,1,live,0.9978976
pg022212,0,print_glossy,0.011646296
pg022213,0,replay_phone,0.6861306
pg022214,0,replay_monitor,0.49769056
pg022215,0,cutout_mask,1.510758e-05
pg022216,1,live,0.35908085
pg022217,1,live,0.95437175
pg022218,1,live,0.9750836
pg022219,0,print_matte,0.021685004
pg022220,0,print_glossy,0.3218823
pg022221,0,replay_phone,0.9471363
pg022222,0,replay_monitor,0.029704507
pg022223,0,cutout_mask,0.46440747
pg022224,1,live,0.9982608
pg022225,1,live,0.99989593
pg022226,1,live,0.98809403
pg022227,0,print_matte,0.11745513
pg022228,0,print_glossy,0.07841911
pg022229,0,replay_phone,0.0421038
pg022230,0,replay_monitor,4.0534553e-09
pg022231,0,cutout_mask,0.0062649697
pg022232,1,live,0.99954283
pg022233,1,live,0.9805288
pg022234,1,live,0.98235357
pg022235,0,print_matte,0.013649142
pg022236,0,print_glossy,0.0007956989
pg022237,0,replay_phone,0.0008297307
pg022238,0,replay_monitor,0.0024409022
pg022239,0,cutout_mask,0.15411484
pg022240,1,live,0.9984439
pg022241,1,live,0.99985194
pg022242,1,live,0.5837852
pg022243,0,print_matte,0.037732698
pg022244,0,print_glossy,0.50093377
pg022245,0,replay_phone,0.006162701
pg022246,0,replay_monitor,0.09216665
pg022247,0,cutout_mask,0.470184
pg022248,1,live,0.957547
pg022249,1,live,0.9999429
pg022250,1,live,0.99841416
pg022251,0,print_matte,0.0014498774
pg022252,0,print_glossy,0.0009179487
pg022253,0,replay_phone,0.83381075
pg022254,0,replay_monitor,0.00053486566
pg022255,0,cutout_mask,0.0001591483
pg022256,1,live,0.9987789
pg022257,1,live,0.853338
pg022258,1,live,0.48667365
pg022259,0,print_matte,0.0048520733
pg022260,0,print_glossy,0.5219141
pg022261,0,replay_phone,0.17236747
pg022262,0,replay_monitor,0.012263083
pg022263,0,cutout_mask,0.010778765
pg022264,1,live,0.94751674
pg022265,1,live,0.9981458
pg022266,1,live,0.96610314
pg022267,0,print_matte,0.04329467
pg022268,0,print_glossy,0.054081313
pg022269,0,replay_phone,0.059997924
pg022270,0,replay_monitor,8.5211727e-10
pg022271,0,cutout_mask,2.7721337e-05
pg022272,1,live,0.99987423
pg022273,1,live,0.52538776
pg022274,1,live,0.98469037
pg022275,0,print_matte,1.3698733e-05
pg022276,0,print_glossy,0.0011826729
pg022277,0,replay_phone,0.0050284495
pg022278,0,replay_monitor,0.07053674
pg022279,0,cutout_mask,0.006232151
pg022280,1,live,0.9978248
pg022281,1,live,0.999977
pg022282,1,live,0.9635067
pg022283,0,print_matte,0.15444508
pg022284,0,print_glossy,0.9691906
pg022285,0,replay_phone,0.033131637
pg022286,0,replay_monitor,0.0038053726
pg022287,0,cutout_mask,0.0016837856
pg022288,1,live,0.9999919
pg022289,1,live,0.9997867
pg022290,1,live,0.99997246
pg022291,0,print_matte,0.00026153345
pg022292,0,print_glossy,0.21755537
pg022293,0,replay_phone,0.06318777
pg022294,0,replay_monitor,0.148938
pg022295,0,cutout_mask,0.001400509
pg022296,1,live,0.99157625
pg022297,1,live,0.9919464
pg022298,1,live,0.12425504
pg022299,0,print_matte,0.0011695877
pg022300,0,print_glossy,0.04294568
pg022301,0,replay_phone,0.948384
pg022302,0,replay_monitor,0.11354374
pg022303,0,cutout_mask,0.1228139
pg022304,1,live,0.9099455
pg022305,1,live,0.9952538
pg022306,1,live,0.8145458
pg022307,0,print_matte,0.046834804
pg022308,0,print_glossy,0.07977872
pg022309,0,replay_phone,0.24373981
pg022310,0,replay_monitor,0.008095833
pg022311,0,cutout_mask,0.01941155
pg022312,1,live,0.7177314
pg022313,1,live,0.027763162
pg022314,1,live,0.18398724
pg022315,0,print_matte,0.6928998
pg022316,0,print_glossy,0.917443
pg022317,0,replay_phone,0.0011529619
pg022318,0,replay_monitor,0.009538019
pg022319,0,cutout_mask,0.4427423
pg022440,1,live,0.94743794
pg022441,1,live,0.99990296
pg022442,1,live,0.9999113
pg022443,0,print_matte,0.2442463
pg022444,0,print_glossy,0.0023304648
pg022445,0,replay_phone,0.0002253044
pg022446,0,replay_monitor,0.0016271168
pg022447,0,cutout_mask,0.00042111822
pg022448,1,live,0.8362782
pg022449,1,live,0.9656314
pg022450,1,live,0.73360556
pg022451,0,print_matte,0.084884934
pg022452,0,print_glossy,0.04304018
pg022453,0,replay_phone,0.2213553
pg022454,0,replay_monitor,3.941837e-05
pg022455,0,cutout_mask,0.0016495254
pg022456,1,live,0.12927805
pg022457,1,live,0.9654588
pg022458,1,live,0.9898533
pg022459,0,print_matte,0.04905662
pg022460,0,print_glossy,0.90858066
pg022461,0,replay_phone,0.13752995
pg022462,0,replay_monitor,0.0004496106
pg022463,0,cutout_mask,0.008570457
pg022464,1,live,0.77095747
pg022465,1,live,0.9968184
pg022466,1,live,0.98090976
pg022467,0,print_matte,0.029866135
pg022468,0,print_glossy,0.055416163
pg022469,0,replay_phone,0.97673106
pg022470,0,replay_monitor,0.0025125365
pg022471,0,cutout_mask,0.0067158635
pg022472,1,live,0.99992967
pg022473,1,live,0.9986858
pg022474,1,live,0.9258606
pg022475,0,print_matte,2.8776654e-05
pg022476,0,print_glossy,0.0008608539
pg022477,0,replay_phone,0.01002318
pg022479,0,cutout_mask,0.002040035
pg022480,1,live,0.28262484
pg022481,1,live,0.75818723
pg022482,1,live,0.475726
pg022483,0,print_matte,0.11126237
pg022484,0,print_glossy,0.014931276
pg022485,0,replay_phone,0.000100178004
pg022486,0,replay_monitor,0.17590527
pg022487,0,cutout_mask,0.0009208311
pg022488,1,live,0.99997985
pg022489,1,live,0.73051184
pg022490,1,live,0.9894511
pg022491,0,print_matte,0.00014226869
pg022492,0,print_glossy,0.23467243
pg022493,0,replay_phone,0.08414354
pg022494,0,replay_monitor,0.0020212529
pg022495,0,cutout_mask,0.080852315
pg022496,1,live,0.27896258
pg022497,1,live,0.9804012
pg022498,1,live,0.9975025
pg022499,0,print_matte,0.19196266
pg022500,0,print_glossy,3.1411855e-05
pg022501,0,replay_phone,0.0014197903
pg022502,0,replay_monitor,1.533836e-05
pg022503,0,cutout_mask,0.00017099975
pg022504,1,live,0.00019243344
pg022505,1,live,0.10356687
pg022506,1,live,0.25850514
pg022507,0,print_matte,0.2080268
pg022508,0,print_glossy,0.21741644
pg022509,0,replay_phone,0.14750472
pg022510,0,replay_monitor,0.0005868837
pg022511,0,cutout_mask,0.00043224642
pg022512,1,live,0.86709005
pg022513,1,live,0.02783392
pg022514,1,live,0.07035545
pg022515,0,print_matte,8.137147e-06
pg022516,0,print_glossy,0.0033851855
pg022517,0,replay_phone,0.0010659015
pg022518,0,replay_monitor,5.233644e-06
pg022519,0,cutout_mask,0.00021281469
pg022520,1,live,0.7294653
pg022521,1,live,0.23140423
pg022522,1,live,0.99609876
pg022523,0,print_matte,0.18766813
pg022524,0,print_glossy,1.03504635e-05
pg022525,0,replay_phone,0.46379986
pg022526,0,replay_monitor,0.00287922
pg022527,0,cutout_mask,0.5181891
pg022528,1,live,0.0022603301
pg022529,1,live,0.9821432
pg022530,1,live,0.9812238
pg022532,0,print_glossy,0.00022771825
pg022533,0,replay_phone,0.0003063088
pg022535,0,cutout_mask,0.015941093
pg022536,1,live,0.80651605
pg022537,1,live,0.97716004
pg022538,1,live,0.19052151
pg022539,0,print_matte,0.1724846
pg022540,0,print_glossy,0.004920918
pg022541,0,replay_phone,0.006451782
pg022542,0,replay_monitor,0.045110013
pg022543,0,cutout_mask,0.88808215
pg022544,1,live,0.9947805
pg022545,1,live,0.999686
pg022546,1,live,0.9998745
pg022547,0,print_matte,0.090688564
pg022548,0,print_glossy,0.010611592
pg022549,0,replay_phone,0.019891722
pg022550,0,replay_monitor,0.036538523
pg022551,0,cutout_mask,0.29110384
pg022552,1,live,0.57397413
pg022553,1,live,0.3112257
pg022554,1,live,0.98944867
pg022555,0,print_matte,0.00010275869
pg022556,0,print_glossy,0.001193688
pg022557,0,replay_phone,0.19848338
pg022558,0,replay_monitor,0.047910154
pg022559,0,cutout_mask,0.0026879024
pg022680,1,live,0.9884277
pg022681,1,live,0.9983516
pg022682,1,live,0.83911824
pg022683,0,print_matte,0.0046818005
pg022684,0,print_glossy,0.72712886
pg022685,0,replay_phone,0.74259704
pg022686,0,replay_monitor,0.023637967
pg022687,0,cutout_mask,0.0005849537
pg022688,1,live,0.9997975
pg022689,1,live,0.9985905
pg022690,1,live,0.34816352
pg022691,0,print_matte,0.059378374
pg022692,0,print_glossy,0.05168065
pg022693,0,replay_phone,0.31641763
pg022694,0,replay_monitor,2.4871756e-08
pg022695,0,cutout_mask,0.0013030624
pg022696,1,live,0.78219444
pg022697,1,live,0.9989158
pg022698,1,live,0.72943825
pg022699,0,print_matte,0.24387626
pg022700,0,print_glossy,0.51016027
pg022701,0,replay_phone,0.29827902
pg022702,0,replay_monitor,3.0701963e-09
pg022703,0,cutout_mask,0.1577625
pg022704,1,live,0.9917121
pg022705,1,live,0.92926764
pg022706,1,live,0.99604166
pg022707,0,print_matte,0.13465571
pg022708,0,print_glossy,0.7665749
pg022709,0,replay_phone,0.19479313
pg022711,0,cutout_mask,0.08925115
pg022712,1,live,0.9995691
pg022713,1,live,0.9996542
pg022714,1,live,0.9767395
pg022715,0,print_matte,0.0011121628
pg022716,0,print_glossy,0.17008361
pg022717,0,replay_phone,0.022385208
pg022718,0,replay_monitor,0.13147424
pg022719,0,cutout_mask,1.488071e-05
pg022720,1,live,0.9984469
pg022721,1,live,0.9982497
pg022722,1,live,0.99275124
pg022723,0,print_matte,0.29668474
pg022724,0,print_glossy,0.71939594
pg022725,0,replay_phone,0.17328437
pg022727,0,cutout_mask,0.00023971748
pg022728,1,live,0.9442185
pg022729,1,live,0.99926263
pg022730,1,live,0.9953751
pg022731,0,print_matte,0.102482595
pg022732,0,print_glossy,0.15116988
pg022733,0,replay_phone,0.09051097
pg022734,0,replay_monitor,0.061065644
pg022735,0,cutout_mask,0.1998943
pg022736,1,live,0.91805327
pg022737,1,live,0.9916823
pg022738,1,live,0.99599
pg022739,0,print_matte,0.27904925
pg022740,0,print_glossy,0.122111715
pg022741,0,replay_phone,0.02199181
pg022742,0,replay_monitor,0.015993921
pg022743,0,cutout_mask,0.015081387
pg022744,1,live,0.9981775
pg022745,1,live,0.9640364
pg022746,1,live,0.9983311
pg022747,0,print_matte,0.022722416
pg022748,0,print_glossy,0.030327441
pg022749,0,replay_phone,0.016176024
pg022750,0,replay_monitor,0.013726741
pg022751,0,cutout_mask,0.0056326576
pg022752,1,live,0.8100119
pg022753,1,live,0.998784
pg022754,1,live,0.99999905
pg022755,0,print_matte,0.0396585
pg022756,0,print_glossy,0.016396109
pg022757,0,replay_phone,0.24178062
pg022758,0,replay_monitor,0.8180813
pg022759,0,cutout_mask,0.0005939218
pg022760,1,live,0.8105945
pg022761,1,live,0.16870311
pg022762,1,live,0.9976629
pg022763,0,print_matte,0.0057069054
pg022764,0,print_glossy,0.00081638014
pg022765,0,replay_phone,2.4191799e-05
pg022766,0,replay_monitor,0.034745548
pg022767,0,cutout_mask,0.05501514
pg022768,1,live,0.99368864
pg022769,1,live,0.96998197
pg022770,1,live,0.7368966
pg022771,0,print_matte,0.16607419
pg022772,0,print_glossy,0.16399682
pg022773,0,replay_phone,0.00018126627
pg022775,0,cutout_mask,0.0010484162
pg022776,1,live,0.19765702
pg022777,1,live,0.9823851
pg022778,1,live,0.03904314
pg022779,0,print_matte,0.010682241
pg022780,0,print_glossy,0.6141106
pg022781,0,replay_phone,0.042395473
pg022783,0,cutout_mask,0.6480304
pg022784,1,live,0.35885355
pg022785,1,live,0.25941148
pg022786,1,live,0.99092615
pg022787,0,print_matte,0.033958778
pg022788,0,print_glossy,0.48638308
pg022789,0,replay_phone,0.3862398
pg022790,0,replay_monitor,0.00037146546
pg022791,0,cutout_mask,0.0041718944
pg022792,1,live,0.99550337
pg022793,1,live,0.96261495
pg022794,1,live,0.9942985
pg022795,0,print_matte,0.03417355
pg022796,0,print_glossy,0.9833264
pg022797,0,replay_phone,0.00040677452
pg022798,0,replay_monitor,0.025445513
pg022799,0,cutout_mask,0.5027144
pg022920,1,live,0.99854195
pg022921,1,live,0.99623233
pg022922,1,live,0.9933863
pg022923,0,print_matte,0.0066819326
pg022924,0,print_glossy,0.14172508
pg022925,0,replay_phone,0.8520038
pg022926,0,replay_monitor,0.0036721968
pg022927,0,cutout_mask,0.21502419
pg022928,1,live,0.9405217
pg022929,1,live,0.9979936
pg022930,1,live,0.99834657
pg022931,0,print_matte,0.0016628038
pg022932,0,print_glossy,0.3647156
pg022933,0,replay_phone,0.6636378
pg022934,0,replay_monitor,3.0299982e-05
pg022935,0,cutout_mask,0.8788996
pg022936,1,live,0.5499482
pg022937,1,live,0.97595835
pg022938,1,live,0.9998679
pg022939,0,print_matte,0.98998064
pg022940,0,print_glossy,0.9514547
pg022941,0,replay_phone,0.09646564
pg022943,0,cutout_mask,0.031906564
pg022944,1,live,0.9951934
pg022945,1,live,0.99568874
pg022946,1,live,0.10353092
pg022947,0,print_matte,8.851393e-05
pg022948,0,print_glossy,0.10041106
pg022949,0,replay_phone,0.7169302
pg022950,0,replay_monitor,0.17706074
pg022951,0,cutout_mask,0.053246036
pg022952,1,live,0.9999511
pg022953,1,live,0.9674085
pg022954,1,live,0.70924187
pg022955,0,print_matte,0.12184991
pg022956,0,print_glossy,0.72484887
pg022957,0,replay_phone,0.64423674
pg022958,0,replay_monitor,0.59541696
pg022959,0,cutout_mask,0.0057927254
pg022960,1,live,0.74484473
pg022961,1,live,0.95968133
pg022962,1,live,0.17744902
pg022963,0,print_matte,0.13203304
pg022964,0,print_glossy,0.14349769
pg022965,0,replay_phone,0.058157537
pg022966,0,replay_monitor,1.6971611e-05
pg022967,0,cutout_mask,0.07533911
pg022968,1,live,0.9301927
pg022969,1,live,0.6691635
pg022970,1,live,0.9997273
pg022971,0,print_matte,0.0009536898
pg022972,0,print_glossy,0.5682181
pg022973,0,replay_phone,0.09567843
pg022974,0,replay_monitor,0.021044688
pg022975,0,cutout_mask,0.16486584
pg022976,1,live,0.9761899
pg022977,1,live,0.23466837
pg022978,1,live,0.09887188
pg022979,0,print_matte,0.04114871
pg022980,0,print_glossy,0.0958967
pg022981,0,replay_phone,0.004171231
pg022982,0,replay_monitor,0.0011264848
pg022983,0,cutout_mask,0.0016449522
pg022984,1,live,0.7332237
pg022985,1,live,0.5157764
pg022986,1,live,0.9995214
pg022987,0,print_matte,0.047227178
pg022988,0,print_glossy,0.04427867
pg022989,0,replay_phone,0.006573827
pg022990,0,replay_monitor,4.9692753e-06
pg022991,0,cutout_mask,0.024053827
pg022992,1,live,0.99981767
pg022993,1,live,0.9962282
pg022994,1,live,0.95500016
pg022995,0,print_matte,0.016998691
pg022996,0,print_glossy,0.033044
pg022997,0,replay_phone,0.0027078886
pg022998,0,replay_monitor,0.0111936005
pg022999,0,cutout_mask,0.0010071434
pg023000,1,live,0.9832472
pg023001,1,live,0.99205536
pg023002,1,live,0.08324089
pg023003,0,print_matte,0.0019260534
pg023004,0,print_glossy,0.05256633
pg023005,0,replay_phone,0.20990592
pg023006,0,replay_monitor,0.0333505
pg023007,0,cutout_mask,0.7244783
pg023008,1,live,0.6688924
pg023009,1,live,0.002809851
pg023010,1,live,0.99494296
pg023011,0,print_matte,0.03115779
pg023012,0,print_glossy,0.0010894041
pg023013,0,replay_phone,0.09384376
pg023014,0,replay_monitor,4.8676877e-05
pg023015,0,cutout_mask,0.08692617
pg023016,1,live,0.027233785
pg023017,1,live,0.9928532
pg023018,1,live,0.99377185
pg023019,0,print_matte,0.054895565
pg023020,0,print_glossy,0.06793707
pg023021,0,replay_phone,0.018408105
pg023022,0,replay_monitor,0.036746286
pg023023,0,cutout_mask,0.055328593
pg023024,1,live,0.9971186
pg023025,1,live,0.9944904
pg023026,1,live,0.9990452
pg023027,0,print_matte,0.88874906
pg023028,0,print_glossy,0.37613755
pg023029,0,replay_phone,0.8596409
pg023030,0,replay_monitor,0.022879904
pg023031,0,cutout_mask,0.006366529
pg023032,1,live,0.99330586
pg023033,1,live,0.7668174
pg023034,1,live,0.5222008
pg023035,0,print_matte,0.0015557611
pg023036,0,print_glossy,0.18311909
pg023037,0,replay_phone,0.16155407
pg023038,0,replay_monitor,1.1069188e-05
pg023039,0,cutout_mask,0.002980755
pg023160,1,live,0.9933796
pg023161,1,live,0.9582162
pg023162,1,live,0.92466354
pg023163,0,print_matte,0.0035367918
pg023164,0,print_glossy,0.5527882
pg023165,0,replay_phone,0.2027751
pg023166,0,replay_monitor,1.10654035e-07
pg023167,0,cutout_mask,0.016013976
pg023168,1,live,0.99038494
pg023169,1,live,0.9873274
pg023170,1,live,0.9995467
pg023171,0,print_matte,0.050383855
pg023172,0,print_glossy,0.7571547
pg023173,0,replay_phone,0.8914117
pg023174,0,replay_monitor,1.0715868e-09
pg023175,0,cutout_mask,0.23761177
pg023176,1,live,0.9793337
pg023177,1,live,0.9811504
pg023178,1,live,0.9419743
pg023179,0,print_matte,0.28115934
pg023180,0,print_glossy,0.44605184
pg023181,0,replay_phone,0.8089409
pg023182,0,replay_monitor,0.010021912
pg023183,0,cutout_mask,0.003403426
pg023184,1,live,0.9905695
pg023185,1,live,0.99455726
pg023186,1,live,0.99800676
pg023187,0,print_matte,0.003921933
pg023188,0,print_glossy,0.022587385
pg023189,0,replay_phone,0.37903053
pg023190,0,replay_monitor,0.040360264
pg023191,0,cutout_mask,0.009285618
pg023192,1,live,0.9992762
pg023193,1,live,0.99849975
pg023194,1,live,0.7215826
pg023195,0,print_matte,0.002649945
pg023196,0,print_glossy,0.9034325
pg023197,0,replay_phone,0.7494662
pg023198,0,replay_monitor,0.04937715
pg023199,0,cutout_mask,0.06195539
pg023200,1,live,0.9937894
pg023201,1,live,0.996351
pg023202,1,live,0.99614525
pg023203,0,print_matte,0.015087644
pg023204,0,print_glossy,0.3114877
pg023205,0,replay_phone,0.013140118
pg023206,0,replay_monitor,0.010303772
pg023207,0,cutout_mask,0.17736274
pg023208,1,live,0.7658229
pg023209,1,live,0.9980969
pg023210,1,live,0.9998714
pg023211,0,print_matte,0.0012350956
pg023212,0,print_glossy,0.0012140764
pg023213,0,replay_phone,0.91383713
pg023214,0,replay_monitor,0.0003997636
pg023215,0,cutout_mask,0.00040857933
pg023216,1,live,0.3731124
pg023217,1,live,0.45370692
pg023218,1,live,0.9998983
pg023219,0,print_matte,0.020265978
pg023220,0,print_glossy,0.9972812
pg023221,0,replay_phone,0.06697656
pg023222,0,replay_monitor,0.07400906
pg023223,0,cutout_mask,0.016657908
pg023224,1,live,0.70133513
pg023225,1,live,0.9785227
pg023226,1,live,0.9879203
pg023227,0,print_matte,0.00022689253
pg023228,0,print_glossy,0.00879076
pg023229,0,replay_phone,0.6947152
pg023230,0,replay_monitor,0.67105067
pg023231,0,cutout_mask,0.2741113
pg023232,1,live,0.99601716
pg023233,1,live,0.9996766
pg023234,1,live,0.99098927
pg023235,0,print_matte,0.028564844
pg023236,0,print_glossy,0.004348179
pg023237,0,replay_phone,0.25548616
pg023239,0,cutout_mask,0.46874976
pg023240,1,live,0.4797372
pg023241,1,live,0.1294876
pg023242,1,live,0.25643125
pg023243,0,print_matte,0.0865402
pg023245,0,replay_phone,0.3199293
pg023246,0,replay_monitor,1.1077976e-05
pg023247,0,cutout_mask,0.5722215
pg023248,1,live,0.97934353
pg023249,1,live,0.16398577
pg023250,1,live,0.99416524
pg023251,0,print_matte,0.756508
pg023252,0,print_glossy,0.004642824
pg023253,0,replay_phone,0.009072996
pg023255,0,cutout_mask,0.0010796583
pg023256,1,live,0.99664575
pg023257,1,live,0.72194105
pg023258,1,live,0.7466801
pg023259,0,print_matte,0.053469874
pg023260,0,print_glossy,0.69094855
pg023261,0,replay_phone,0.13507017
pg023262,0,replay_monitor,0.0035594262
pg023263,0,cutout_mask,0.107245296
pg023264,1,live,0.40795437
pg023265,1,live,0.8487346
pg023266,1,live,0.9888916
pg023267,0,print_matte,0.06631636
pg023268,0,print_glossy,0.9760064
pg023269,0,replay_phone,0.33877203
pg023270,0,replay_monitor,7.4148036e-16
pg023271,0,cutout_mask,0.7249506
pg023272,1,live,0.87077147
pg023273,1,live,0.59669554
pg023274,1,live,0.88763124
pg023275,0,print_matte,0.02763851
pg023276,0,print_glossy,0.7483407
pg023277,0,replay_phone,0.1980009
pg023278,0,replay_monitor,0.93544054
pg023279,0,cutout_mask,0.65657866
pg023880,1,live,0.99961853
pg023881,1,live,0.9998766
pg023882,1,live,0.98669004
pg023883,0,print_matte,0.020350797
pg023884,0,print_glossy,0.00023405481
pg023885,0,replay_phone,7.43904e-05
pg023886,0,replay_monitor,0.0001486385
pg023887,0,cutout_mask,0.0025912998
pg023888,1,live,0.9772307
pg023889,1,live,0.99958247
pg023890,1,live,0.9993906
pg023891,0,print_matte,3.1580057e-05
pg023892,0,print_glossy,0.029715408
pg023893,0,replay_phone,0.038476028
pg023894,0,replay_monitor,0.0074433126
pg023895,0,cutout_mask,0.10780257
pg023896,1,live,0.0029863492
pg023897,1,live,0.31884393
pg023898,1,live,0.8158853
pg023899,0,print_matte,0.2736856
pg023900,0,print_glossy,0.00015863228
pg023901,0,replay_phone,0.019741455
pg023902,0,replay_monitor,0.0007796878
pg023903,0,cutout_mask,0.032958094
pg023904,1,live,0.9971111
pg023905,1,live,0.99723047
pg023906,1,live,0.17874295
pg023907,0,print_matte,0.00062722515
pg023908,0,print_glossy,0.030902075
pg023909,0,replay_phone,0.010495176
pg023910,0,replay_monitor,3.0687395e-06
pg023911,0,cutout_mask,0.0010007365
pg023912,1,live,0.9552279
pg023913,1,live,0.7189516
pg023914,1,live,0.638356
pg023915,0,print_matte,1.3455845e-05
pg023916,0,print_glossy,0.00018007659
pg023917,0,replay_phone,2.3511348e-05
pg023919,0,cutout_mask,0.4333951
pg023920,1,live,0.999094
pg023921,1,live,0.9996846
pg023922,1,live,0.9998105
pg023923,0,print_matte,0.004997877
pg023924,0,print_glossy,0.05374259
pg023925,0,replay_phone,0.09688294
pg023926,0,replay_monitor,0.10788385
pg023927,0,cutout_mask,0.029391648
pg023928,1,live,0.012830668
pg023929,1,live,0.82485104
pg023930,1,live,0.9998254
pg023931,0,print_matte,1.7365444e-05
pg023932,0,print_glossy,0.1850455
pg023933,0,replay_phone,0.0038796049
pg023935,0,cutout_mask,0.067223
pg023936,1,live,0.6842478
pg023937,1,live,0.9918507
pg023938,1,live,0.9999596
pg023939,0,print_matte,0.0025868965
pg023940,0,print_glossy,0.00039451
pg023941,0,replay_phone,0.007219259
pg023942,0,replay_monitor,0.00034265046
pg023943,0,cutout_mask,9.084579e-05
pg023944,1,live,0.1900427
pg023945,1,live,0.45938566
pg023946,1,live,0.8955395
pg023947,0,print_matte,0.009183614
pg023948,0,print_glossy,1.7582208e-05
pg023949,0,replay_phone,0.0040800967
pg023950,0,replay_monitor,3.445534e-05
pg023951,0,cutout_mask,0.018088458
pg023952,1,live,0.25010762
pg023953,1,live,0.99993443
pg023954,1,live,0.9980544
pg023955,0,print_matte,0.00017860766
pg023956,0,print_glossy,0.00032319265
pg023957,0,replay_phone,0.006239875
pg023958,0,replay_monitor,5.206399e-06
pg023959,0,cutout_mask,0.0020424556
pg024440,1,live,0.9807889
pg024441,1,live,0.12472476
pg024442,1,live,0.372928
pg024443,0,print_matte,0.4270693
pg024444,0,print_glossy,0.00977012
pg024445,0,replay_phone,0.084928684
pg024446,0,replay_monitor,0.0035947056
pg024447,0,cutout_mask,0.10973369
pg024448,1,live,0.9930774
pg024449,1,live,0.98589104
pg024450,1,live,0.99805814
pg024452,0,print_glossy,0.03225934
pg024453,0,replay_phone,0.019412857
pg024454,0,replay_monitor,0.00024065067
pg024455,0,cutout_mask,0.7869901
pg024456,1,live,0.9967693
pg024457,1,live,0.53518844
pg024458,1,live,0.98859465
pg024459,0,print_matte,0.10009167
pg024460,0,print_glossy,0.07737603
pg024461,0,replay_phone,0.0067331577
pg024462,0,replay_monitor,0.04505897
pg024463,0,cutout_mask,0.0017291295
pg024464,1,live,0.98885906
pg024465,1,live,0.9871294
pg024466,1,live,0.5724059
pg024467,0,print_matte,0.021651777
pg024468,0,print_glossy,0.006075259
pg024469,0,replay_phone,0.0089233015
pg024470,0,replay_monitor,2.4756739e-05
pg024471,0,cutout_mask,0.005791872
pg024472,1,live,0.9996983
pg024473,1,live,0.99478096
pg024474,1,live,0.99932146
pg024475,0,print_matte,0.00417254
pg024476,0,print_glossy,0.37312585
pg024477,0,replay_phone,0.025773529
pg024478,0,replay_monitor,0.0015759773
pg024479,0,cutout_mask,1.7575921e-05
pg024480,1,live,0.9916681
pg024481,1,live,0.9929015
pg024482,1,live,0.9891399
pg024483,0,print_matte,0.0032646814
pg024484,0,print_glossy,0.019246424
pg024485,0,replay_phone,0.045607973
pg024486,0,replay_monitor,0.005732339
pg024487,0,cutout_mask,0.04271224
pg024488,1,live,0.076623544
pg024489,1,live,0.94830054
pg024490,1,live,0.9362205
pg024491,0,print_matte,0.004724244
pg024492,0,print_glossy,0.013080717
pg024493,0,replay_phone,0.00081434223
pg024494,0,replay_monitor,0.005339248
pg024495,0,cutout_mask,0.019789206
pg024496,1,live,0.99821955
pg024497,1,live,0.88114935
pg024498,1,live,0.984576
pg024499,0,print_matte,0.0023756418
pg024500,0,print_glossy,0.012853409
pg024501,0,replay_phone,0.002839354
pg024502,0,replay_monitor,2.8508859e-05
pg024503,0,cutout_mask,0.009273261
pg024504,1,live,0.9677921
pg024505,1,live,0.19465671
pg024506,1,live,0.89919066
pg024507,0,print_matte,0.0106275985
pg024508,0,print_glossy,0.06013305
pg024509,0,replay_phone,0.0014586395
pg024510,0,replay_monitor,0.039294027
pg024511,0,cutout_mask,0.00025162255
pg024512,1,live,0.96052986
pg024513,1,live,0.9883435
pg024514,1,live,0.9973253
pg024515,0,print_matte,0.0026954673
pg024516,0,print_glossy,0.02860407
pg024517,0,replay_phone,0.023517806
pg024518,0,replay_monitor,0.026094835
pg024519,0,cutout_mask,6.964812e-05
pg024920,1,live,0.9952956
pg024921,1,live,0.9407213
pg024922,1,live,0.99931395
pg024923,0,print_matte,0.0001634167
pg024924,0,print_glossy,0.6518587
pg024925,0,replay_phone,0.48815757
pg024926,0,replay_monitor,1.9389327e-12
pg024927,0,cutout_mask,0.80714196
pg024928,1,live,0.99607974
pg024929,1,live,0.66944087
pg024930,1,live,0.99279046
pg024931,0,print_matte,0.0050987103
pg024932,0,print_glossy,0.024710573
pg024933,0,replay_phone,0.10164379
pg024934,0,replay_monitor,0.14350219
pg024935,0,cutout_mask,1.7450957e-05
pg024936,1,live,0.9722692
pg024937,1,live,0.7223916
pg024938,1,live,0.69624275
pg024939,0,print_matte,0.012574252
pg024940,0,print_glossy,0.82291853
pg024941,0,replay_phone,0.65378654
pg024942,0,replay_monitor,0.90708524
pg024943,0,cutout_mask,0.002661686
pg024944,1,live,0.98703545
pg024945,1,live,0.9973252
pg024946,1,live,0.9991166
pg024947,0,print_matte,0.034882646
pg024948,0,print_glossy,0.0028109683
pg024949,0,replay_phone,0.09311482
pg024950,0,replay_monitor,0.00025511123
pg024951,0,cutout_mask,0.0016954342
pg024952,1,live,0.9955863
pg024953,1,live,0.9715793
pg024954,1,live,0.1458097
pg024955,0,print_matte,0.1995953
pg024956,0,print_glossy,0.4614463
pg024957,0,replay_phone,0.21118729
pg024958,0,replay_monitor,0.0023108853
pg024959,0,cutout_mask,0.9635575
pg024960,1,live,0.99963546
pg024961,1,live,0.98905087
pg024962,1,live,0.9943025
pg024963,0,print_matte,0.045410134
pg024964,0,print_glossy,0.0048691197
pg024965,0,replay_phone,0.18011504
pg024967,0,cutout_mask,0.0023974583
pg024968,1,live,0.9938578
pg024969,1,live,0.9983152
pg024970,1,live,0.99998343
pg024971,0,print_matte,0.024390403
pg024972,0,print_glossy,0.37988463
pg024973,0,replay_phone,0.003987757
pg024974,0,replay_monitor,0.033217605
pg024975,0,cutout_mask,6.8102076e-05
pg024976,1,live,0.05835409
pg024977,1,live,0.9992237
pg024978,1,live,0.9931738
pg024979,0,print_matte,0.02883163
pg024980,0,print_glossy,0.115523644
pg024981,0,replay_phone,0.023833053
pg024982,0,replay_monitor,5.493493e-07
pg024983,0,cutout_mask,0.020921119
pg024984,1,live,0.9668655
pg024985,1,live,0.9998091
pg024986,1,live,0.708883
pg024987,0,print_matte,0.00670252
pg024988,0,print_glossy,0.04319561
pg024989,0,replay_phone,0.01595841
pg024991,0,cutout_mask,0.0004927027
pg024992,1,live,0.9096386
pg024993,1,live,0.99994826
pg024994,1,live,0.9735224
pg024995,0,print_matte,0.39909
pg024996,0,print_glossy,0.0015473895
pg024997,0,replay_phone,0.5761463
pg024998,0,replay_monitor,0.0021005743
pg024999,0,cutout_mask,0.039030083
pg025080,1,live,0.9540447
pg025081,1,live,0.99848443
pg025082,1,live,0.99742967
pg025083,0,print_matte,0.1080756
pg025084,0,print_glossy,0.061311472
pg025085,0,replay_phone,0.27375892
pg025086,0,replay_monitor,2.4044646e-06
pg025087,0,cutout_mask,0.00071019476
pg025088,1,live,0.97294533
pg025089,1,live,0.016701266
pg025090,1,live,0.9908008
pg025091,0,print_matte,0.24934514
pg025092,0,print_glossy,0.06476115
pg025093,0,replay_phone,0.12735933
pg025094,0,replay_monitor,6.964885e-05
pg025095,0,cutout_mask,0.4109427
pg025096,1,live,0.95848185
pg025097,1,live,0.95727897
pg025098,1,live,0.9990458
pg025099,0,print_matte,0.16015159
pg025100,0,print_glossy,0.08696931
pg025101,0,replay_phone,0.99715745
pg025102,0,replay_monitor,0.9345955
pg025103,0,cutout_mask,0.093416356
pg025104,1,live,0.84837955
pg025105,1,live,0.543443
pg025106,1,live,0.992955
pg025107,0,print_matte,0.14833276
pg025108,0,print_glossy,0.049902752
pg025109,0,replay_phone,0.069680154
pg025110,0,replay_monitor,0.0004811211
pg025111,0,cutout_mask,0.38936713
pg025112,1,live,0.9301919
pg025113,1,live,0.997264
pg025114,1,live,0.99824154
pg025115,0,print_matte,0.003234487
pg025116,0,print_glossy,0.08796379
pg025117,0,replay_phone,0.92458946
pg025118,0,replay_monitor,0.66789395
pg025119,0,cutout_mask,0.9644457
pg025120,1,live,0.9491466
pg025121,1,live,0.99815637
pg025122,1,live,0.9999981
pg025123,0,print_matte,0.029150818
pg025124,0,print_glossy,0.7336187
pg025125,0,replay_phone,0.15640119
pg025126,0,replay_monitor,5.1980937e-06
pg025127,0,cutout_mask,0.043376237
pg025128,1,live,0.99993515
pg025129,1,live,0.68705404
pg025130,1,live,0.9498964
pg025131,0,print_matte,0.00037906933
pg025132,0,print_glossy,0.02272589
pg025133,0,replay_phone,0.112942435
pg025134,0,replay_monitor,3.1866762e-07
pg025135,0,cutout_mask,0.009447907
pg025136,1,live,0.9977811
pg025137,1,live,0.81426954
pg025138,1,live,0.7039732
pg025139,0,print_matte,0.18751012
pg025140,0,print_glossy,0.0018382452
pg025141,0,replay_phone,0.9910749
pg025143,0,cutout_mask,0.00082193036
pg025144,1,live,0.99266374
pg025145,1,live,0.5103372
pg025146,1,live,0.99890196
pg025147,0,print_matte,0.052329138
pg025148,0,print_glossy,0.00731826
pg025149,0,replay_phone,0.0065285494
pg025150,0,replay_monitor,0.04863834
pg025151,0,cutout_mask,0.0001490292
pg025152,1,live,0.99999976
pg025153,1,live,0.100722186
pg025154,1,live,0.99899644
pg025155,0,print_matte,0.013224153
pg025156,0,print_glossy,0.64523464
pg025157,0,replay_phone,0.9403177
pg025158,0,replay_monitor,0.11462117
pg025159,0,cutout_mask,0.0002081828
pg025240,1,live,0.8938896
pg025241,1,live,0.9993444
pg025242,1,live,0.09794708
pg025244,0,print_glossy,0.22911526
pg025245,0,replay_phone,0.018267544
pg025246,0,replay_monitor,0.2479416
pg025247,0,cutout_mask,0.000906628
pg025248,1,live,0.79089
pg025249,1,live,0.9883108
pg025250,1,live,0.99854064
pg025251,0,print_matte,0.035933584
pg025253,0,replay_phone,0.012002956
pg025254,0,replay_monitor,0.0014535603
pg025255,0,cutout_mask,0.0004762691
pg025256,1,live,0.9640519
pg025257,1,live,0.79530567
pg025258,1,live,0.8178566
pg025259,0,print_matte,0.0031235416
pg025260,0,print_glossy,0.19868831
pg025261,0,replay_phone,0.03383249
pg025262,0,replay_monitor,0.0005313628
pg025263,0,cutout_mask,0.0013782274
pg025264,1,live,0.79862237
pg025265,1,live,0.9992367
pg025266,1,live,0.79525197
pg025267,0,print_matte,0.28278837
pg025268,0,print_glossy,0.09040535
pg025269,0,replay_phone,0.964177
pg025270,0,replay_monitor,0.00019272741
pg025271,0,cutout_mask,0.00236823
pg025272,1,live,0.99272305
pg025273,1,live,0.8588807
pg025274,1,live,0.4344102
pg025276,0,print_glossy,0.0065603387
pg025277,0,replay_phone,0.02160215
pg025278,0,replay_monitor,0.00047333175
pg025279,0,cutout_mask,1.0222788e-05
pg025280,1,live,0.9976295
pg025281,1,live,0.96735775
pg025282,1,live,0.9787837
pg025283,0,print_matte,0.0008647206
pg025284,0,print_glossy,0.47654596
pg025285,0,replay_phone,0.00047350352
pg025286,0,replay_monitor,0.3782157
pg025287,0,cutout_mask,0.00053211086
pg025288,1,live,0.009886873
pg025289,1,live,0.9992217
pg025290,1,live,0.3004252
pg025291,0,print_matte,0.0002819346
pg025293,0,replay_phone,0.0387594
pg025295,0,cutout_mask,0.000549907
pg025296,1,live,0.9997491
pg025297,1,live,0.9973538
pg025298,1,live,0.730968
pg025300,0,print_glossy,0.0013853427
pg025301,0,replay_phone,0.010174171
pg025302,0,replay_monitor,0.00057637325
pg025303,0,cutout_mask,0.18053612
pg025304,1,live,0.72255313
pg025305,1,live,0.9961046
pg025306,1,live,0.9661428
pg025307,0,print_matte,0.0148053905
pg025308,0,print_glossy,0.19637047
pg025309,0,replay_phone,0.08405761
pg025312,1,live,0.0012875968
pg025313,1,live,0.4942838
pg025314,1,live,0.99959666
pg025315,0,print_matte,0.028068408
pg025316,0,print_glossy,0.0030719305
pg025317,0,replay_phone,0.0066012093
pg025318,0,replay_monitor,0.0079998495
pg025319,0,cutout_mask,0.0005994358
pg026280,1,live,0.2663288
pg026281,1,live,0.99674857
pg026282,1,live,0.93756294
pg026283,0,print_matte,0.12650967
pg026284,0,print_glossy,0.012466714
pg026285,0,replay_phone,0.003686441
pg026286,0,replay_monitor,0.00065081654
pg026287,0,cutout_mask,0.00089630287
pg026288,1,live,0.12020135
pg026289,1,live,0.9961571
pg026290,1,live,0.7873673
pg026291,0,print_matte,0.020162221
pg026292,0,print_glossy,0.023256809
pg026295,0,cutout_mask,0.005414593
pg026296,1,live,0.97728765
pg026297,1,live,0.83268625
pg026298,1,live,0.87612486
pg026300,0,print_glossy,0.14004219
pg026301,0,replay_phone,0.008314182
pg026302,0,replay_monitor,7.0768476e-07
pg026303,0,cutout_mask,0.010225937
pg026304,1,live,0.7686714
pg026305,1,live,0.9167464
pg026306,1,live,0.40191656
pg026307,0,print_matte,0.009689515
pg026308,0,print_glossy,0.0041803
pg026309,0,replay_phone,0.067940496
pg026310,0,replay_monitor,0.0024609272
pg026311,0,cutout_mask,0.003729248
pg026312,1,live,0.9607012
pg026313,1,live,0.8717241
pg026314,1,live,0.64060134
pg026315,0,print_matte,0.050930966
pg026316,0,print_glossy,0.04998802
pg026317,0,replay_phone,0.0038195853
pg026318,0,replay_monitor,0.7960369
pg026319,0,cutout_mask,0.00011433196
pg026320,1,live,0.9997497
pg026321,1,live,0.99933606
pg026322,1,live,0.027348964
pg026324,0,print_glossy,0.0032275121
pg026325,0,replay_phone,0.011941245
pg026326,0,replay_monitor,0.0014326915
pg026328,1,live,0.9999943
pg026329,1,live,0.9885865
pg026330,1,live,0.9991636
pg026332,0,print_glossy,0.0057625626
pg026333,0,replay_phone,0.00014746509
pg026334,0,replay_monitor,0.000799221
pg026336,1,live,0.9976991
pg026337,1,live,0.99030274
pg026338,1,live,0.9983125
pg026340,0,print_glossy,0.020206308
pg026341,0,replay_phone,0.27734622
pg026342,0,replay_monitor,2.7351e-05
pg026343,0,cutout_mask,3.7489688e-05
pg026344,1,live,0.9994073
pg026345,1,live,0.981934
pg026346,1,live,0.11663626
pg026348,0,print_glossy,0.17172185
pg026349,0,replay_phone,0.00054548716
pg026350,0,replay_monitor,0.14952207
pg026351,0,cutout_mask,9.9360775e-05
pg026352,1,live,0.9678954
pg026353,1,live,0.99042624
pg026354,1,live,0.99992585
pg026355,0,print_matte,0.023969391
pg026356,0,print_glossy,0.004186434
pg026357,0,replay_phone,0.007268088
pg026358,0,replay_monitor,0.11859854
pg026359,0,cutout_mask,0.016126575
pg026600,1,live,0.10693885
pg026601,1,live,0.01066236
pg026602,1,live,0.9606459
pg026603,0,print_matte,0.4958098
pg026604,0,print_glossy,0.002444217
pg026605,0,replay_phone,0.094227195
pg026606,0,replay_monitor,0.034134153
pg026607,0,cutout_mask,0.08285588
pg026608,1,live,0.9989511
pg026609,1,live,0.9674279
pg026610,1,live,0.9637893
pg026611,0,print_matte,3.160681e-05
pg026612,0,print_glossy,0.0028722833
pg026613,0,replay_phone,7.54784e-05
pg026614,0,replay_monitor,0.48621342
pg026615,0,cutout_mask,2.8850183e-05
pg026616,1,live,0.89397013
pg026617,1,live,0.9991036
pg026618,1,live,0.8999175
pg026619,0,print_matte,0.022709468
pg026620,0,print_glossy,0.019041367
pg026621,0,replay_phone,0.14456522
pg026622,0,replay_monitor,0.00091255596
pg026623,0,cutout_mask,0.019286636
pg026624,1,live,0.9521463
pg026625,1,live,0.96210754
pg026626,1,live,0.59357035
pg026627,0,print_matte,0.0039394563
pg026628,0,print_glossy,0.14209622
pg026629,0,replay_phone,0.02199669
pg026630,0,replay_monitor,0.0011174498
pg026631,0,cutout_mask,0.0063425633
pg026632,1,live,0.9999448
pg026633,1,live,0.30653575
pg026634,1,live,0.9917571
pg026635,0,print_matte,0.0026395093
pg026636,0,print_glossy,0.7459685
pg026637,0,replay_phone,0.016896583
pg026638,0,replay_monitor,0.01190639
pg026639,0,cutout_mask,0.55212635
pg026640,1,live,0.9891265
pg026641,1,live,0.99634886
pg026642,1,live,0.9994236
pg026643,0,print_matte,0.0017667129
pg026644,0,print_glossy,0.11056178
pg026645,0,replay_phone,0.0014616171
pg026646,0,replay_monitor,0.04801801
pg026647,0,cutout_mask,0.0045851935
pg026648,1,live,0.99248403
pg026649,1,live,0.99825317
pg026650,1,live,0.9595869
pg026652,0,print_glossy,0.0046977233
pg026653,0,replay_phone,0.00011010186
pg026655,0,cutout_mask,0.0018872739
pg026656,1,live,0.97293854
pg026657,1,live,0.9928195
pg026658,1,live,0.9996313
pg026659,0,print_matte,0.5336245
pg026660,0,print_glossy,0.0014810199
pg026661,0,replay_phone,0.0010498667
pg026662,0,replay_monitor,1.0936839e-05
pg026663,0,cutout_mask,0.142845
pg026664,1,live,0.011018999
pg026665,1,live,0.9996623
pg026666,1,live,0.95582324
pg026667,0,print_matte,0.00019266918
pg026668,0,print_glossy,0.0017025084
pg026669,0,replay_phone,0.00045394106
pg026670,0,replay_monitor,0.022442952
pg026671,0,cutout_mask,0.021940261
pg026672,1,live,0.93516535
pg026673,1,live,0.9999647
pg026674,1,live,0.9999993
pg026675,0,print_matte,0.004935781
pg026676,0,print_glossy,0.01325565
pg026677,0,replay_phone,4.533718e-06
pg026678,0,replay_monitor,0.008576111
pg026679,0,cutout_mask,4.2603242e-05
pg028040,1,live,0.9604143
pg028041,1,live,0.6618269
pg028042,1,live,0.585943
pg028043,0,print_matte,0.0011714692
pg028044,0,print_glossy,0.0021630113
pg028045,0,replay_phone,0.011598034
pg028046,0,replay_monitor,0.0016783511
pg028047,0,cutout_mask,0.04635099
pg028048,1,live,0.96770984
pg028049,1,live,0.18212958
pg028050,1,live,0.15635133
pg028052,0,print_glossy,0.00057462236
pg028053,0,replay_phone,0.005657547
pg028054,0,replay_monitor,0.024086911
pg028055,0,cutout_mask,0.024112178
pg028056,1,live,0.9083944
pg028057,1,live,0.24477838
pg028058,1,live,0.61650467
pg028059,0,print_matte,0.00087265857
pg028060,0,print_glossy,0.348468
pg028061,0,replay_phone,0.021992916
pg028062,0,replay_monitor,0.10790409
pg028063,0,cutout_mask,0.0042476556
pg028064,1,live,0.083305195
pg028065,1,live,0.9990048
pg028066,1,live,0.9880386
pg028067,0,print_matte,0.0657949
pg028068,0,print_glossy,0.09578881
pg028069,0,replay_phone,0.021910187
pg028070,0,replay_monitor,9.862582e-07
pg028071,0,cutout_mask,0.006535106
pg028072,1,live,0.18007843
pg028073,1,live,0.98897004
pg028074,1,live,0.6297617
pg028075,0,print_matte,0.00031508374
pg028076,0,print_glossy,0.017326461
pg028077,0,replay_phone,0.00044615904
pg028078,0,replay_monitor,0.00016001947
pg028079,0,cutout_mask,0.04783042
pg028080,1,live,0.92699337
pg028081,1,live,0.99793744
pg028082,1,live,0.9433185
pg028083,0,print_matte,0.017041674
pg028084,0,print_glossy,0.01386951
pg028085,0,replay_phone,0.00059723976
pg028086,0,replay_monitor,4.6681357e-08
pg028087,0,cutout_mask,0.034482583
pg028088,1,live,0.24788755
pg028089,1,live,0.9868854
pg028090,1,live,0.9731785
pg028092,0,print_glossy,0.38004145
pg028093,0,replay_phone,0.0018487427
pg028094,0,replay_monitor,0.0006709673
pg028095,0,cutout_mask,0.00020064037
pg028096,1,live,0.96430534
pg028097,1,live,0.9957106
pg028098,1,live,0.9427719
pg028099,0,print_matte,0.0048456993
pg028100,0,print_glossy,0.062193915
pg028101,0,replay_phone,0.0108771445
pg028102,0,replay_monitor,0.29870954
pg028103,0,cutout_mask,0.0021066812
pg028104,1,live,0.33267546
pg028105,1,live,0.98438567
pg028106,1,live,0.90086085
pg028108,0,print_glossy,0.008876594
pg028109,0,replay_phone,0.12654807
pg028110,0,replay_monitor,0.014674061
pg028111,0,cutout_mask,0.023183908
pg028112,1,live,0.9303566
pg028113,1,live,0.9995795
pg028114,1,live,0.9656844
pg028116,0,print_glossy,0.049182605
pg028117,0,replay_phone,0.01611322
pg028118,0,replay_monitor,3.7791604e-05
pg028119,0,cutout_mask,0.0009038368
pg028280,1,live,0.99597037
pg028281,1,live,0.99989283
pg028282,1,live,0.45941865
pg028283,0,print_matte,0.00100324
pg028284,0,print_glossy,0.14789358
pg028285,0,replay_phone,0.054499038
pg028286,0,replay_monitor,1.1266443e-15
pg028287,0,cutout_mask,0.5223957
pg028288,1,live,0.9991787
pg028289,1,live,0.7937712
pg028290,1,live,0.9557911
pg028291,0,print_matte,0.055506263
pg028292,0,print_glossy,0.011493301
pg028293,0,replay_phone,0.07988622
pg028294,0,replay_monitor,0.00478925
pg028295,0,cutout_mask,0.3193284
pg028296,1,live,0.99058074
pg028297,1,live,0.99482685
pg028298,1,live,0.99412245
pg028299,0,print_matte,0.10274931
pg028300,0,print_glossy,0.010465925
pg028301,0,replay_phone,0.0023935179
pg028302,0,replay_monitor,0.00014874966
pg028303,0,cutout_mask,0.04617368
pg028304,1,live,0.7944975
pg028305,1,live,0.9997942
pg028306,1,live,0.9821171
pg028307,0,print_matte,0.0060314205
pg028308,0,print_glossy,0.27318192
pg028309,0,replay_phone,0.9976769
pg028310,0,replay_monitor,0.004401189
pg028311,0,cutout_mask,0.012141043
pg028312,1,live,0.73807746
pg028313,1,live,0.99712497
pg028314,1,live,0.99959356
pg028315,0,print_matte,0.09648979
pg028316,0,print_glossy,0.3277274
pg028317,0,replay_phone,0.1149629
pg028318,0,replay_monitor,8.298667e-05
pg028319,0,cutout_mask,0.077642806
pg028320,1,live,0.50233847
pg028321,1,live,0.98522425
pg028322,1,live,0.99991775
pg028323,0,print_matte,0.00056784664
pg028324,0,print_glossy,0.04997788
pg028325,0,replay_phone,0.023886217
pg028326,0,replay_monitor,0.0031119182
pg028327,0,cutout_mask,0.08489278
pg028328,1,live,0.9999994
pg028329,1,live,0.9998845
pg028330,1,live,0.99998844
pg028332,0,print_glossy,0.3636887
pg028333,0,replay_phone,0.0007556594
pg028334,0,replay_monitor,0.0011254122
pg028335,0,cutout_mask,0.001777904
pg028336,1,live,0.939111
pg028337,1,live,0.9999962
pg028338,1,live,0.83370847
pg028339,0,print_matte,0.0034253106
pg028340,0,print_glossy,0.00061624026
pg028341,0,replay_phone,0.06154609
pg028343,0,cutout_mask,0.9441174
pg028344,1,live,0.99505603
pg028345,1,live,0.7544737
pg028346,1,live,0.9862157
pg028347,0,print_matte,0.0723774
pg028348,0,print_glossy,0.0793312
pg028349,0,replay_phone,0.2535154
pg028350,0,replay_monitor,0.1981035
pg028351,0,cutout_mask,2.1592416e-05
pg028352,1,live,0.9997241
pg028353,1,live,0.99020153
pg028354,1,live,0.9998022
pg028355,0,print_matte,0.001044777
pg028356,0,print_glossy,0.0045536705
pg028357,0,replay_phone,0.10463159
pg028358,0,replay_monitor,0.76830786
pg028359,0,cutout_mask,0.00095277664
pg028440,1,live,0.9893287
pg028441,1,live,0.90844977
pg028442,1,live,0.94443715
pg028443,0,print_matte,0.023021342
pg028444,0,print_glossy,0.023444228
pg028445,0,replay_phone,0.06272752
pg028446,0,replay_monitor,0.9587274
pg028447,0,cutout_mask,0.14033344
pg028448,1,live,0.736252
pg028449,1,live,0.7580348
pg028450,1,live,0.3839306
pg028451,0,print_matte,0.0013773167
pg028452,0,print_glossy,0.6442504
pg028453,0,replay_phone,0.043912854
pg028454,0,replay_monitor,0.0036306821
pg028455,0,cutout_mask,0.09304034
pg028456,1,live,0.9878429
pg028457,1,live,0.93771654
pg028458,1,live,0.1182271
pg028459,0,print_matte,0.009937516
pg028460,0,print_glossy,0.24464098
pg028461,0,replay_phone,0.7991319
pg028462,0,replay_monitor,0.029870093
pg028463,0,cutout_mask,0.7190558
pg028464,1,live,0.5423748
pg028465,1,live,0.48200968
pg028466,1,live,0.9640604
pg028467,0,print_matte,0.020723794
pg028468,0,print_glossy,0.0076800487
pg028469,0,replay_phone,0.2209025
pg028470,0,replay_monitor,0.20932049
pg028471,0,cutout_mask,0.001996212
pg028472,1,live,0.84104323
pg028473,1,live,0.78432715
pg028474,1,live,0.96914464
pg028475,0,print_matte,0.47092095
pg028476,0,print_glossy,0.040535137
pg028477,0,replay_phone,0.0013314969
pg028478,0,replay_monitor,0.6865874
pg028479,0,cutout_mask,0.74811316
pg028480,1,live,0.8958597
pg028481,1,live,0.4053511
pg028482,1,live,0.9894315
pg028483,0,print_matte,0.3525549
pg028484,0,print_glossy,0.020358453
pg028485,0,replay_phone,0.013988609
pg028486,0,replay_monitor,0.6500999
pg028487,0,cutout_mask,0.006144294
pg028488,1,live,0.99901366
pg028489,1,live,0.24007551
pg028490,1,live,0.61713696
pg028491,0,print_matte,0.0005798576
pg028492,0,print_glossy,0.00368875
pg028493,0,replay_phone,0.29982138
pg028494,0,replay_monitor,0.00018914016
pg028495,0,cutout_mask,0.00025000816
pg028496,1,live,0.237645
pg028497,1,live,0.9839961
pg028498,1,live,0.9136446
pg028499,0,print_matte,0.0053194365
pg028500,0,print_glossy,0.21702306
pg028501,0,replay_phone,0.8611028
pg028502,0,replay_monitor,0.039594073
pg028503,0,cutout_mask,0.0076083103
pg028504,1,live,0.99765956
pg028505,1,live,0.98515123
pg028506,1,live,0.9250437
pg028507,0,print_matte,0.030088682
pg028508,0,print_glossy,0.5099547
pg028509,0,replay_phone,0.41769832
pg028510,0,replay_monitor,0.0016637017
pg028511,0,cutout_mask,7.865366e-06
pg028512,1,live,0.99978894
pg028513,1,live,0.9753567
pg028514,1,live,0.89810634
pg028515,0,print_matte,0.007954699
pg028516,0,print_glossy,0.0057740235
pg028517,0,replay_phone,0.012956048
pg028518,0,replay_monitor,0.0031125767
pg028519,0,cutout_mask,0.5551367
pg029000,1,live,0.9365408
pg029001,1,live,0.9940392
pg029002,1,live,0.9880824
pg029003,0,print_matte,0.08915932
pg029004,0,print_glossy,0.06130099
pg029005,0,replay_phone,0.08045966
pg029006,0,replay_monitor,0.012420029
pg029007,0,cutout_mask,0.0005711703
pg029008,1,live,0.06928747
pg029009,1,live,0.9429565
pg029010,1,live,0.062818974
pg029011,0,print_matte,0.047155686
pg029012,0,print_glossy,0.99141955
pg029013,0,replay_phone,0.22073732
pg029014,0,replay_monitor,0.28284678
pg029015,0,cutout_mask,0.00036127734
pg029016,1,live,0.38047433
pg029017,1,live,0.9972193
pg029018,1,live,0.8657471
pg029019,0,print_matte,0.0066686408
pg029020,0,print_glossy,0.34364805
pg029021,0,replay_phone,0.0017705972
pg029022,0,replay_monitor,0.20643182
pg029023,0,cutout_mask,0.07387857
pg029024,1,live,0.7026128
pg029025,1,live,0.98291934
pg029026,1,live,0.59486896
pg029027,0,print_matte,0.028250648
pg029028,0,print_glossy,0.021353323
pg029029,0,replay_phone,0.12482519
pg029030,0,replay_monitor,0.99683326
pg029031,0,cutout_mask,5.3591404e-05
pg029032,1,live,0.9988701
pg029033,1,live,0.9952917
pg029034,1,live,0.99986064
pg029035,0,print_matte,0.16770379
pg029036,0,print_glossy,0.20494714
pg029037,0,replay_phone,0.023105418
pg029038,0,replay_monitor,0.095485836
pg029039,0,cutout_mask,0.0013059393
pg029040,1,live,0.028214188
pg029041,1,live,0.84812206
pg029042,1,live,0.97449964
pg029043,0,print_matte,0.0002781821
pg029044,0,print_glossy,0.040113706
pg029045,0,replay_phone,0.30449086
pg029046,0,replay_monitor,0.16134657
pg029047,0,cutout_mask,0.8439259
pg029048,1,live,0.9999896
pg029049,1,live,0.9998977
pg029050,1,live,0.9957705
pg029051,0,print_matte,0.17605503
pg029052,0,print_glossy,0.011208857
pg029053,0,replay_phone,0.88577545
pg029054,0,replay_monitor,0.0030915139
pg029055,0,cutout_mask,0.023195364
pg029056,1,live,0.999861
pg029057,1,live,0.9999838
pg029058,1,live,0.8463438
pg029059,0,print_matte,0.05084344
pg029060,0,print_glossy,0.31573713
pg029061,0,replay_phone,0.09694457
pg029062,0,replay_monitor,0.07225095
pg029063,0,cutout_mask,0.0024689469
pg029064,1,live,0.9627423
pg029065,1,live,0.9721992
pg029066,1,live,0.99928385
pg029067,0,print_matte,0.3116511
pg029068,0,print_glossy,0.6121564
pg029069,0,replay_phone,0.01334378
pg029070,0,replay_monitor,0.0048425547
pg029071,0,cutout_mask,0.00040316436
pg029072,1,live,0.99324375
pg029073,1,live,0.043913875
pg029074,1,live,0.9995902
pg029075,0,print_matte,0.004528288
pg029076,0,print_glossy,0.018971264
pg029077,0,replay_phone,0.8953939
pg029078,0,replay_monitor,0.0011500623
pg029079,0,cutout_mask,0.057276268
pg029640,1,live,0.99662566
pg029641,1,live,0.9988341
pg029642,1,live,0.99934787
pg029643,0,print_matte,0.0005889564
pg029644,0,print_glossy,0.33653614
pg029645,0,replay_phone,0.01862039
pg029646,0,replay_monitor,0.70267886
pg029647,0,cutout_mask,0.06952307
pg029648,1,live,0.99858034
pg029649,1,live,0.35080636
pg029650,1,live,0.8607078
pg029651,0,print_matte,0.03706341
pg029652,0,print_glossy,0.019761102
pg029653,0,replay_phone,0.014065359
pg029654,0,replay_monitor,0.0042574606
pg029655,0,cutout_mask,0.01292781
pg029656,1,live,0.98469627
pg029657,1,live,0.9999132
pg029658,1,live,0.9438407
pg029659,0,print_matte,0.0064737713
pg029660,0,print_glossy,0.77954954
pg029661,0,replay_phone,0.5019949
pg029662,0,replay_monitor,0.2953887
pg029663,0,cutout_mask,0.0148176085
pg029664,1,live,0.29095212
pg029665,1,live,0.9982973
pg029666,1,live,0.92981255
pg029667,0,print_matte,0.07919125
pg029668,0,print_glossy,0.137265
pg029669,0,replay_phone,0.9912942
pg029670,0,replay_monitor,0.9192263
pg029671,0,cutout_mask,0.05211972
pg029672,1,live,0.30116865
pg029673,1,live,0.99856645
pg029674,1,live,0.9587375
pg029675,0,print_matte,0.068506844
pg029676,0,print_glossy,0.013696588
pg029677,0,replay_phone,0.5135794
pg029678,0,replay_monitor,0.02513292
pg029679,0,cutout_mask,0.0017665833
pg029680,1,live,0.9994733
pg029681,1,live,0.9985765
pg029682,1,live,0.99981683
pg029683,0,print_matte,0.46914086
pg029684,0,print_glossy,0.23694253
pg029685,0,replay_phone,0.26405305
pg029686,0,replay_monitor,1.0130832e-06
pg029687,0,cutout_mask,0.34386334
pg029688,1,live,0.999816
pg029689,1,live,0.98895264
pg029690,1,live,0.9993806
pg029691,0,print_matte,0.003262811
pg029692,0,print_glossy,0.7635936
pg029693,0,replay_phone,0.96657693
pg029694,0,replay_monitor,0.00065511605
pg029695,0,cutout_mask,0.0020111632
pg029696,1,live,0.9601346
pg029697,1,live,0.9401286
pg029698,1,live,0.9999845
pg029699,0,print_matte,0.0032314877
pg029700,0,print_glossy,0.28313932
pg029701,0,replay_phone,0.10413224
pg029702,0,replay_monitor,0.1490869
pg029703,0,cutout_mask,0.09756146
pg029704,1,live,0.9999579
pg029705,1,live,0.94049925
pg029706,1,live,0.9999436
pg029707,0,print_matte,0.006638867
pg029708,0,print_glossy,0.48222584
pg029709,0,replay_phone,0.49157804
pg029710,0,replay_monitor,0.012928151
pg029711,0,cutout_mask,0.15128492
pg029712,1,live,0.58599764
pg029713,1,live,0.78151774
pg029714,1,live,0.37445045
pg029715,0,print_matte,0.052830778
pg029716,0,print_glossy,0.02341072
pg029717,0,replay_phone,0.7733471
pg029718,0,replay_monitor,1.1043367e-08
pg029719,0,cutout_mask,2.7079113e-06
pg029720,1,live,0.99422175
pg029721,1,live,0.9656064
pg029722,1,live,0.44574496
pg029723,0,print_matte,0.00581003
pg029724,0,print_glossy,0.059712004
pg029725,0,replay_phone,0.10188642
pg029727,0,cutout_mask,0.027802259
pg029728,1,live,0.78439957
pg029729,1,live,0.99397355
pg029730,1,live,0.98750407
pg029731,0,print_matte,0.0006488811
pg029732,0,print_glossy,0.7310424
pg029733,0,replay_phone,0.15854856
pg029734,0,replay_monitor,0.0057441075
pg029735,0,cutout_mask,0.00093966094
pg029736,1,live,0.964715
pg029737,1,live,0.91697365
pg029738,1,live,0.75743914
pg029739,0,print_matte,0.55374193
pg029740,0,print_glossy,0.7063177
pg029741,0,replay_phone,0.29936934
pg029742,0,replay_monitor,0.080266476
pg029743,0,cutout_mask,0.9874313
pg029744,1,live,0.4130111
pg029745,1,live,0.94931924
pg029746,1,live,0.66773087
pg029747,0,print_matte,0.86751366
pg029748,0,print_glossy,0.014898951
pg029749,0,replay_phone,0.40931684
pg029750,0,replay_monitor,0.5579945
pg029751,0,cutout_mask,0.00078500516
pg029752,1,live,0.99445206
pg029753,1,live,0.9442389
pg029754,1,live,0.99806994
pg029755,0,print_matte,0.005699745
pg029756,0,print_glossy,0.06599937
pg029757,0,replay_phone,0.011595482
pg029759,0,cutout_mask,0.0111420695
pg029760,1,live,0.9998884
pg029761,1,live,0.9830593
pg029762,1,live,0.020931255
pg029763,0,print_matte,0.013485252
pg029764,0,print_glossy,0.004580256
pg029765,0,replay_phone,0.012027007
pg029767,0,cutout_mask,0.0070754536
pg029768,1,live,0.99991035
pg029769,1,live,0.75843304
pg029770,1,live,0.99994767
pg029771,0,print_matte,0.022454241
pg029772,0,print_glossy,0.8840696
pg029773,0,replay_phone,0.092131466
pg029774,0,replay_monitor,0.014565951
pg029775,0,cutout_mask,0.8230171
pg029776,1,live,0.9997291
pg029777,1,live,0.9955006
pg029778,1,live,0.99988604
pg029779,0,print_matte,1.4409619e-05
pg029780,0,print_glossy,0.11095029
pg029781,0,replay_phone,0.00055927364
pg029782,0,replay_monitor,0.5418998
pg029783,0,cutout_mask,0.0009438539
pg029784,1,live,0.97195405
pg029785,1,live,0.9998374
pg029786,1,live,0.9999759
pg029787,0,print_matte,0.072651535
pg029788,0,print_glossy,6.97119e-05
pg029789,0,replay_phone,0.061139505
pg029790,0,replay_monitor,0.00027533792
pg029791,0,cutout_mask,0.00025468957
pg029792,1,live,0.9999933
pg029793,1,live,0.9999875
pg029794,1,live,0.95492053
pg029795,0,print_matte,0.030776069
pg029796,0,print_glossy,0.050610207
pg029797,0,replay_phone,0.474134
pg029798,0,replay_monitor,1.4809203e-05
pg029799,0,cutout_mask,1.6990687e-05
